Item_Category,Item_Class_ID,Item_Class_Name,Item_ID,Item_Name
HEDELMÄT,A-HED01,SITRUKSET,86851856,APPELSIINI
HEDELMÄT,A-HED01,SITRUKSET,72713852,SITRUUNA
HEDELMÄT,A-HED01,SITRUKSET,40812828,LIME
HEDELMÄT,A-HED02,MARJAT,82928456,MANSIKKA
HEDELMÄT,A-HED02,MARJAT,84874866,MUSTIKKA
HEDELMÄT,A-HED03,TROOPPISET HEDELMÄT,40074101,ANANAS
HEDELMÄT,A-HED03,TROOPPISET HEDELMÄT,11380753,MANGO
HEDELMÄT,A-HED03,TROOPPISET HEDELMÄT,46951210,KIIVI
HEDELMÄT,A-HED04,OMENAT,32142806,GALA-ÖPPLE
HEDELMÄT,A-HED04,OMENAT,91623549,GRANNY SMITH -OMENA
VIHANNEKSET,A-VIH01,JUUREKSET,87775026,PORKKANA
VIHANNEKSET,A-VIH01,JUUREKSET,95960536,LANTTU
VIHANNEKSET,A-VIH01,JUUREKSET,84603879,PALSTERNAKKA
VIHANNEKSET,A-VIH02,LEHTIVIHANNEKSET,11134107,JÄÄSALAATTI
VIHANNEKSET,A-VIH02,LEHTIVIHANNEKSET,56577711,PUNASALAATTI
VIHANNEKSET,A-VIH02,LEHTIVIHANNEKSET,70022021,RUCOLA
LIHA,A-LIA01,NAUDAN LIHA,30781595,PAAHTOPAISTI
LIHA,A-LIA01,NAUDAN LIHA,14072716,KULMAFILEE
LIHA,A-LIA01,NAUDAN LIHA,61344917,JAUHELIHA
LIHA,A-LIA02,SIAN LIHA,87933108,KASSLER
LIHA,A-LIA02,SIAN LIHA,73160948,KINKKU
LIHA,A-LIA02,SIAN LIHA,11186587,NAKKI
LIHA,A-LIA03,BROILERIN LIHA,79264271,BROILERIN RINTAFILEE
LIHA,A-LIA03,BROILERIN LIHA,33958130,KANAN SISÄFILEE
LIHA,A-LIA03,BROILERIN LIHA,47096577,BROILERIN KOIPIREISI
LIHA,A-LIA04,LAMPAAN LIHA,13876333,LAMPAAN POTKA
KALA,A-KAL01,MAKEAN VEDEN KALAT,23411384,LOHI
KALA,A-KAL01,MAKEAN VEDEN KALAT,55693956,KUHA
KALA,A-KAL01,MAKEAN VEDEN KALAT,44748830,SIKA
KALA,A-KAL02,MEREN ANKERIAAT,33061999,MERIANKERIAS
KALA,A-KAL02,MEREN ANKERIAAT,71334678,KONGERI
KALA,A-KAL02,MEREN ANKERIAAT,87433629,MERISIILI
KALA,A-KAL03,MAKRAALIT JA SARDIINIT,96041349,MAKRAALI
KALA,A-KAL03,MAKRAALIT JA SARDIINIT,21672371,SARDIINI
KALA,A-KAL03,MAKRAALIT JA SARDIINIT,94806810,ANSIOVIS
KALA,A-KAL04,RAVUT JA ÄYRIÄISET,61532110,JOULUKATKARAPU
MAITOTUOTTEET,A-MAI01,MAITO,77928503,TÄYSMAITO
MAITOTUOTTEET,A-MAI01,MAITO,29569057,KEVYTMAITO
MAITOTUOTTEET,A-MAI01,MAITO,11666528,RASVATONMAITO
MAITOTUOTTEET,A-MAI02,JUUSTOT,14731796,CHEDDAR-JUUSTO
MAITOTUOTTEET,A-MAI02,JUUSTOT,89032974,MOZZARELLA-JUUSTO
MAITOTUOTTEET,A-MAI02,JUUSTOT,65059887,KERMAJUUSTO
MAITOTUOTTEET,A-MAI03,JOGURTTI,69499229,TÄYSMAITOJOGURTTI
MAITOTUOTTEET,A-MAI03,JOGURTTI,76532338,KOKOJYVÄJOGURTTI
MAITOTUOTTEET,A-MAI03,JOGURTTI,60017602,MAUSTAMATON JOGURTTI
MAITOTUOTTEET,A-MAI04,VOI JA RASVAT,70539600,VOI
LEIVÄT,A-LEI01,RUISLEIVÄT,58210274,TUMMA RUISLEIPÄ
LEIVÄT,A-LEI01,RUISLEIVÄT,33376042,SIEMEN- RUISLEIPÄ
LEIVÄT,A-LEI02,VILJA-LEIVÄT,80757279,KOKOJYVÄ RUISPAAHTO
LEIVÄT,A-LEI02,VILJA-LEIVÄT,57179844,KAMUTÄYSJYVÄ RUISPALA
LEIVÄT,A-LEI02,VILJA-LEIVÄT,40722612,KOKOJYVÄ RUISLEIPÄ
LEIVÄT,A-LEI03,VEHNÄLEIVÄT,78825894,RANSKAN PATONKI
LEIVÄT,A-LEI03,VEHNÄLEIVÄT,23691639,KOKOJYVÄPITKO
LEIVÄT,A-LEI04,SÄMPYLÄT,64594362,TÄYTETYT SÄMPYLÄT
LEIVÄT,A-LEI05,GLUTEENITTOMAT,53731789,GLUTEENITON RUISLEIPÄ
LEIVÄT,A-LEI05,GLUTEENITTOMAT,68124955,KUOHKEA GLUTEENITON LEIPÄ
PASTAT,A-PAS01,PASTAT,33008136,SPAGHETTI
PASTAT,A-PAS01,PASTAT,36501129,PENNE
PASTAT,A-PAS02,LASAGNET,42022992,KANALLA TÄYTETTY LASAGNE
PASTAT,A-PAS02,LASAGNET,95032134,KASVISLASAGNE
PASTAT,A-PAS02,LASAGNET,79502468,JAUHELIHALASAGNE
PASTAT,A-PAS03,NUUDELI-KEITOT,95376910,KANANUUDELI KEITTO
PASTAT,A-PAS03,NUUDELI-KEITOT,18472628,KASVISNUUDELI KEITTO
PASTAT,A-PAS04,RIISI,81774563,BASMATIRIISI
PASTAT,A-PAS04,RIISI,68623437,TÄYSJYVÄRIISI
PASTAT,A-PAS04,RIISI,98156539,KANALLA TÄYTETTY RIISIANNOS
SALAATIT,A-SAL01,VIHREÄT,53761729,LEHTISALAATTI
SALAATIT,A-SAL01,VIHREÄT,67790618,JÄÄVUORISALAATTI
SALAATIT,A-SAL02,KASTIKKEET,21246110,RANSKANKERMAKASTIKE
SALAATIT,A-SAL02,KASTIKKEET,43811323,SINAPPIVINAIGRETTI
SALAATIT,A-SAL02,KASTIKKEET,39403923,BALSAMICOKASTIKE
SALAATIT,A-SAL03,KANASALAATIT,52417742,CEASAR KANASALAATTI
SALAATIT,A-SAL03,KANASALAATIT,35937011,BROILERISALAATTI ANANAKSELLA
SALAATIT,A-SAL03,KANASALAATIT,63473228,KANASALAATTI FETAJUUSTOLLA
SALAATIT,A-SAL04,PASTASALAATIT,36240384,PESTO PASTASALAATTI
SALAATIT,A-SAL04,PASTASALAATIT,68612484,PASTASALAATTI TONNIKALALLA
KEITOT,A-KEI01,KERMAKEITOT,81728651,BROILERI-KERMAKEITTO
KEITOT,A-KEI01,KERMAKEITOT,80525827,LOHI-KERMAKEITTO
KEITOT,A-KEI01,KERMAKEITOT,27938439,PORKKANA-KERMAKEITTO
KEITOT,A-KEI02,KASVISKEITOT,50954103,PAPU-LINSSIKEITTO
KEITOT,A-KEI02,KASVISKEITOT,26136964,KUKKAKAALIKEITTO
KEITOT,A-KEI02,KASVISKEITOT,71873933,HERNEKEITTO
KEITOT,A-KEI03,LIHAPULLOKEITOT,89084141,LIHAPULLOKEITTO
KEITOT,A-KEI03,LIHAPULLOKEITOT,19187509,BROILERI-LIHAPULLOKEITTO
KEITOT,A-KEI04,KALAKEITOT,13125332,LOHIKALAKEITTO
KEITOT,A-KEI04,KALAKEITOT,44336115,KATKARAPU-KALAKEITTO
KASTIKKEET,A-KAS01,TOMAATTIKASTIKKEET,44359537,TOSCANALAINEN TOMAATTIKASTIKE
KASTIKKEET,A-KAS01,TOMAATTIKASTIKKEET,81301699,PIZZAKASTIKE
KASTIKKEET,A-KAS02,PESTOT,55665270,BASILIKAPESTO
KASTIKKEET,A-KAS02,PESTOT,91590290,PARSAPASTAPESTO
KASTIKKEET,A-KAS03,KERMAISET KASTIKKEET,34806559,KANAKASTIKE
KASTIKKEET,A-KAS03,KERMAISET KASTIKKEET,26568297,PUNAVIINIKASTIKE
KASTIKKEET,A-KAS04,SITRUUNAKASTIKKEET,80544654,SITRUUNAKASTIKE
KASTIKKEET,A-KAS04,SITRUUNAKASTIKKEET,36877234,KIRSIKKAKASTIKE
KASTIKKEET,A-KAS05,CHILIKASTIKKEET,80013614,TABASCO-KASTIKE
KASTIKKEET,A-KAS05,CHILIKASTIKKEET,82369188,SRIRACHA-KASTIKE
JÄLKIRUOAT,A-JÄR01,JÄÄTELÖT,92086508,VANILJAJÄÄTELÖ
JÄLKIRUOAT,A-JÄR01,JÄÄTELÖT,54620935,SUKLAAJÄÄTELÖ
JÄLKIRUOAT,A-JÄR02,LEIVONNAISET,76565331,MUSTIKKAPIIRAKKA
JÄLKIRUOAT,A-JÄR02,LEIVONNAISET,26683186,MANSIKKAKAKKU
JÄLKIRUOAT,A-JÄR03,SUKLAAJÄLKIRUOAT,55808103,SUKLAAKAKKU
JÄLKIRUOAT,A-JÄR03,SUKLAAJÄLKIRUOAT,57152807,SUKLAAJÄÄTELÖKASTIKE
JÄLKIRUOAT,A-JÄR04,KAKUT,17386568,MANGO-KOOKOSKAKKU
JÄLKIRUOAT,A-JÄR04,KAKUT,45909586,MARJAPIIRAKKA
MAKEISET,A-MAK01,KARKEILLET,11287309,M&M'S PÄHKINÄ
MAKEISET,A-MAK01,KARKEILLET,57288904,HARIBO JELLIES
MAKEISET,A-MAK02,PÄÄSIÄISMAKEISET,22587258,KINDER MUNA
MAKEISET,A-MAK02,PÄÄSIÄISMAKEISET,92507679,LAMMAS POPS
MAKEISET,A-MAK03,SUKLAA,34483370,FAZER SININEN
MAKEISET,A-MAK03,SUKLAA,28082689,FAZER MARIANNE
JUOMAT,A-JUO001,VIRVOITUSJUOMAT,73581836,COCA-COLA
JUOMAT,A-JUO001,VIRVOITUSJUOMAT,91209504,FANTA
JUOMAT,A-JUO001,VIRVOITUSJUOMAT,11845047,SPRITE
JUOMAT,A-JUO002,ENERGIAJUOMAT,50226299,RED BULL
JUOMAT,A-JUO003,KIVENNÄISVEDET,31010086,VICHY CATALÁN
JUOMAT,A-JUO003,KIVENNÄISVEDET,97760116,EVIAN
JUOMAT,A-JUO004,MEHUT,58093969,APPELSIINIMEHU
JUOMAT,A-JUO004,MEHUT,98593785,OMENATÄYSMEHU
JUOMAT,A-JUO005,KYLMÄT KAHVIT,30221027,JÄÄKAHVI
JUOMAT,A-JUO005,KYLMÄT KAHVIT,87152566,CAPPUCCINO JÄÄKAHVI
JUOMAT,A-JUO005,KYLMÄT KAHVIT,69347147,MOCHA JÄÄKAHVI
JUOMAT,A-JUO006,KUUMAT JUOMAT,27736444,KAHVI
JUOMAT,A-JUO006,KUUMAT JUOMAT,96153268,TEE
JUOMAT,A-JUO006,KUUMAT JUOMAT,59532744,KAAKAO
NAPOSTELTAVAT,A-NAP-001,SIPSIT,50333348,PERUNALASTU BBQ
NAPOSTELTAVAT,A-NAP-001,SIPSIT,99468631,MAISSILASTU CHEDDAR
NAPOSTELTAVAT,A-NAP-001,SIPSIT,66725024,JUUSTOSIPSIT
NAPOSTELTAVAT,A-NAP-001,SIPSIT,21139122,KERMAVIILISIPSIT
NAPOSTELTAVAT,A-NAP-002,PÄHKINÄT JA SIEMENET,86815056,PAAHDETUT CASHEW-PÄHKINÄT
NAPOSTELTAVAT,A-NAP-002,PÄHKINÄT JA SIEMENET,58708742,AURINGONKUKANSIEMENET
NAPOSTELTAVAT,A-NAP-002,PÄHKINÄT JA SIEMENET,73814209,MANTELIT SUOLALLA
NAPOSTELTAVAT,A-NAP-003,KEKSIT JA MAKEAT NAPOSTELTAVAT,19654218,SUKLAAMUFFINSSI
NAPOSTELTAVAT,A-NAP-003,KEKSIT JA MAKEAT NAPOSTELTAVAT,72050806,OREO-KEKSEJÄ
NAPOSTELTAVAT,A-NAP-004,HEDELMÄPUSSIT,65645908,OMENAVIIPALEET
NAPOSTELTAVAT,A-NAP-004,HEDELMÄPUSSIT,14674689,KUIVATUT APRIKOOSIT
NAPOSTELTAVAT,A-NAP-004,HEDELMÄPUSSIT,90758099,RUSINAT
NAPOSTELTAVAT,A-NAP-004,HEDELMÄPUSSIT,25631819,KUIVATUT BANAANIT
NAPOSTELTAVAT,A-NAP-005,SNACKSIT,32814610,POPCORN
NAPOSTELTAVAT,A-NAP-005,SNACKSIT,12285033,RANSKALAISET
NAPOSTELTAVAT,A-NAP-005,SNACKSIT,77226444,NACHO CHIPSIT
ALKOHOLIJUOMAT,A-AJ1,OLUT,97203405,KOFF III
ALKOHOLIJUOMAT,A-AJ1,OLUT,11870340,KARHU III
ALKOHOLIJUOMAT,A-AJ1,OLUT,37679748,LAPIN KULTA III
ALKOHOLIJUOMAT,A-AJ2,SIIDERI,16442122,FIZZ ORIGINAL
ALKOHOLIJUOMAT,A-AJ2,SIIDERI,45457923,FIZZ TROPICAL
ALKOHOLIJUOMAT,A-AJ2,SIIDERI,17395758,SOMERSBY APPLE
ALKOHOLIJUOMAT,A-AJ3,VIINI,60140879,FRESITA SPARKLING
ALKOHOLIJUOMAT,A-AJ3,VIINI,37888619,JP CHENET CABERNET-SYRAH
ALKOHOLIJUOMAT,A-AJ3,VIINI,96214180,BAREFOOT PINOT GRIGIO
ALKOHOLIJUOMAT,A-AJ4,VODKA,82722001,FINLANDIA VODKA
ALKOHOLIJUOMAT,A-AJ4,VODKA,85842627,ABSOLUT VODKA
ALKOHOLIJUOMAT,A-AJ5,ROMMI,53418962,HAVANA CLUB ANEJO
ALKOHOLIJUOMAT,A-AJ5,ROMMI,56654761,CAPTAIN MORGAN ORIGINAL
ALKOHOLIJUOMAT,A-AJ5,ROMMI,30485747,BACARDI SUPERIOR
LEIVONNAISET,A-LEI1,KAKUT,39277561,SUKLAAKAKKU
LEIVONNAISET,A-LEI1,KAKUT,86735023,PORKKANAKAKKU
LEIVONNAISET,A-LEI2,PULLAT,57979056,KORVAPUUSTI
LEIVONNAISET,A-LEI2,PULLAT,46324918,KANELISÄMPYLÄ
LEIVONNAISET,A-LEI3,PIIRAKAT,81029787,MUSTIKKAPIIRAKKA
LEIVONNAISET,A-LEI3,PIIRAKAT,71356820,OMENAPIIRAKKA
LEIVONNAISET,A-LEI4,KEKSIT,45988662,SUKLAAHIPPUKEKSIT
LEIVONNAISET,A-LEI4,KEKSIT,26822778,OATMEAL-RAISIN KEKSIT
LEIVONNAISET,A-LEI5,LEIVOKSET,10834682,MUSTIKKA-VALKOSUKLAA
LEIVONNAISET,A-LEI5,LEIVOKSET,26536892,MANSIKKA-KERMALEIVOS
VIEHEET,B-JGT001,SILIKONI-JIGI,77471353,BUBBLING SHAD
VIEHEET,B-JGT001,SILIKONI-JIGI,85112399,SWING IMPACT
VIEHEET,B-JGT001,SILIKONI-JIGI,69289032,CURLY TAIL
VIEHEET,B-JGT002,METAL-JIGI,33588324,CYCLONE
VIEHEET,B-JGT002,METAL-JIGI,89250747,SPINNERBAIT
VIEHEET,B-VPT001,UINTIVAAPU,22756196,SUVI
VIEHEET,B-VPT001,UINTIVAAPU,99436734,RAPALA
VIEHEET,B-VPT002,PINTAVIEHE,51839406,POPPER
VIEHEET,B-VPT002,PINTAVIEHE,47672289,JITTERBUG
VIEHEET,B-PVH001,POHJANJIGI,69162855,JIGIBOMBER
VIEHEET,B-PVH001,POHJANJIGI,22794244,FOOTBALL JIG
VIEHEET,B-PVH002,POHJAVAPUTKI,51803595,HELMI
VIEHEET,B-PVH002,POHJAVAPUTKI,96456689,JIGIMATO
VIEHEET,B-LPT001,MEPPSVIEHE,89319980,AGLIA LONG
VIEHEET,B-LPT001,MEPPSVIEHE,90852880,BLACK FURY
VIEHEET,B-LPT002,BLINKKERI,47708612,ASSERI
VIEHEET,B-LPT002,BLINKKERI,55767899,HERRING MASTER
VIEHEET,B-JKT001,JERKBAIT,27319656,SHADOW RAP
VIEHEET,B-JKT001,JERKBAIT,97643065,X-RAP
VIEHEET,B-JKT002,SUSPENDING JERK,73626189,LURKKI
VIEHEET,B-JKT002,SUSPENDING JERK,79872160,MCRUBBER
VIEHEET,B-PHT001,PERHOKOUKKU,31979996,TUNGSTEN BEAD
VIEHEET,B-PHT001,PERHOKOUKKU,80562831,BARBLESS JIG
VIEHEET,B-PHT002,KUIVAPERHO,74378353,ELK HAIR CADDIS
KELAT,B-KELA-001,AVOKELAT,29895384,SHIMANO STRADIC
KELAT,B-KELA-001,AVOKELAT,10605219,ABU GARCIA REVO
KELAT,B-KELA-001,AVOKELAT,35194665,PENN SLAMMER III
KELAT,B-KELA-002,HYRRÄKELAT,47431468,SHIMANO CURADO
KELAT,B-KELA-002,HYRRÄKELAT,32210378,ABU GARCIA REVO
KELAT,B-KELA-002,HYRRÄKELAT,82717067,LEW'S MACH CRUSH
KELAT,B-KELA-003,HASPELIKELAT,97449105,OKUMA CEDROS
KELAT,B-KELA-003,HASPELIKELAT,89458166,DAIWA BG
KELAT,B-KELA-003,HASPELIKELAT,21144129,PENN BATTLE II
KELAT,B-KELA-004,PERHOKELAT,87920213,ORVIS BATTENKILL
KELAT,B-KELA-004,PERHOKELAT,55292495,HARDY ULTRALITE
KELAT,B-KELA-004,PERHOKELAT,46007503,SAGE SPECTRUM LT
SIIMAT,B-SI-001,MONOFIILISIIMAT,79356628,BERKLEY TRILENE SENSATION -MONOFIILISIIMA
SIIMAT,B-SI-001,MONOFIILISIIMAT,28568275,SUFIX ELITE MONOFILAMENT -SIIMA
SIIMAT,B-SI-001,MONOFIILISIIMAT,34200242,MUSTAD OPTI MONO -MONOFIILISIIMA
SIIMAT,B-SI-002,KUITUSIIMAT,38538946,POWER PRO -KUITUSIIMA
SIIMAT,B-SI-002,KUITUSIIMAT,12742232,DAIWA J-BRAID -KUITUSIIMA
SIIMAT,B-SI-002,KUITUSIIMAT,20965221,SUFIX 832 ADVANCED SUPERLINE -KUITUSIIMA
SIIMAT,B-SI-003,FLUOROCARBON-SIIMAT,46270315,SEAGUAR RED LABEL -FLUOROCARBON-SIIMA
SIIMAT,B-SI-003,FLUOROCARBON-SIIMAT,95605665,BERKLEY VANISH -FLUOROCARBON-SIIMA
SIIMAT,B-SI-003,FLUOROCARBON-SIIMAT,68654659,YO-ZURI HYBRID -FLUOROCARBON-SIIMA
SIIMAT,B-SI-004,SÄIKEITTÄISET SIIMAT,80382897,SPIDERWIRE STEALTH -SÄIKEITTÄINEN SIIMA
SIIMAT,B-SI-004,SÄIKEITTÄISET SIIMAT,52089392,SUFIX 131 G-CORE -SÄIKEITTÄINEN SIIMA
SIIMAT,B-SI-004,SÄIKEITTÄISET SIIMAT,66683291,DAIWA SALTIGA BOAT BRAIDED -SÄIKEITTÄINEN SIIMA
SIIMAT,B-SI-005,PERUKESIIMAT,87156709,BERKLEY TRILENE BIG GAME -PERUKESIIMA
SIIMAT,B-SI-005,PERUKESIIMAT,93368984,SUFIX INVISILINE CASTING -PERUKESIIMA
SIIMAT,B-SI-005,PERUKESIIMAT,33259885,SEAGUAR BLUE LABEL -PERUKESIIMA
VAVAT,B-VA-001,HEITTOVAVAT,54647793,SHIMANO SCIMITAR BX 2
VAVAT,B-VA-001,HEITTOVAVAT,88692904,ABU GARCIA VENGEANCE 2.0 2
VAVAT,B-VA-001,HEITTOVAVAT,17992630,DAIWA EXCELER 2
VAVAT,B-VA-002,JIGIVAVAT,23694764,WESTIN W4 VERTICAL JIGGING 1
VAVAT,B-VA-002,JIGIVAVAT,55331887,SAVAGE GEAR FINEZZE HD8 1
VAVAT,B-VA-003,VETOUISTELUVAVAT,54626318,"OKUMA CLASSIC PRO XP 8'6"" 10-20LB"
VAVAT,B-VA-003,VETOUISTELUVAVAT,89412974,ABU GARCIA VERITAS 10' 15-40G
VAVAT,B-VA-004,PERHOVAVAT,56394230,ORVIS HELIOS 3F 9' 5-WEIGHT
VAVAT,B-VA-004,PERHOVAVAT,13275525,"SAGE X 9'6"" 6-WEIGHT"
VAVAT,B-VA-005,TENKARA-VAVAT,58705652,"TENKARA USA SATO 10'8"""
VAVAT,B-VA-005,TENKARA-VAVAT,31550681,DAIWA LT39SF 11'
VAVAT,B-VA-006,KUHA- JA AHVENVAVAT,75775541,SHIMANO YASEI RED PERCH 2
VAVAT,B-VA-006,KUHA- JA AHVENVAVAT,73271655,G. LOOMIS NRX DROP SHOT 2
VAVAT,B-VA-007,KATISKAVAVAT,12537189,"ABU GARCIA CARDINAL 7'6"" 20-50LB"
VAVAT,B-VA-008,LIPPAVAVAT,76937678,RAPALA RISTO RAP 7' 14-40G
VAVAT,B-VA-008,LIPPAVAVAT,28167605,"STORM GOMOKU ADAJO PE1.2-3 6'8"""
ANKKURIT,B-ANK-001,SÄILYTYS- JA KULJETUSANKKURIT,27747444,2 KG ANKKURI
ANKKURIT,B-ANK-001,SÄILYTYS- JA KULJETUSANKKURIT,27515354,4 KG ANKKURI
ANKKURIT,B-ANK-002,HIEKKAPOHJAAN ANKKUROINTIIN,48570511,5 KG ANKKURI
ANKKURIT,B-ANK-002,HIEKKAPOHJAAN ANKKUROINTIIN,21267193,10 KG ANKKURI
ANKKURIT,B-ANK-003,KIVIKKOISEEN POHJAAN,57158703,2 KG ANKKURI
ANKKURIT,B-ANK-003,KIVIKKOISEEN POHJAAN,65387309,4 KG ANKKURI
ANKKURIT,B-ANK-004,PURJEVENEISIIN,72198828,15 KG ANKKURI
ANKKURIT,B-ANK-004,PURJEVENEISIIN,16486504,20 KG ANKKURI
ANKKURIT,B-ANK-005,KALASTUSALUSTEN ANKKUROINTIIN,79498551,5 KG ANKKURI
ANKKURIT,B-ANK-005,KALASTUSALUSTEN ANKKUROINTIIN,37312037,10 KG ANKKURI
VIEHERASIAT,B-VR001,MUOVIRASIAT,80667529,PLANO 3600 -RASIA
VIEHERASIAT,B-VR001,MUOVIRASIAT,84475598,SPRO C-TEC -RASIA
VIEHERASIAT,B-VR001,MUOVIRASIAT,93374612,MUSTAD-KOUKKURASIA
VIEHERASIAT,B-VR002,ALUMIINIRASIAT,96472610,MEIHO-VERSIORASIA
VIEHERASIAT,B-VR002,ALUMIINIRASIAT,49741832,WESTIN W4 - VIEHERASIA
VIEHERASIAT,B-VR002,ALUMIINIRASIAT,10361704,HPA ZANDER BOX
VIEHERASIAT,B-VR003,PUURASIAT,73829854,MARUTO-KOUKKURASIA
VIEHERASIAT,B-VR003,PUURASIAT,71235431,FIIISH-LIPPAKOTELO
VIEHERASIAT,B-VR003,PUURASIAT,60176734,CATCH-ALUE- RASIA
VIEHERASIAT,B-VR004,VEDENPITÄVÄT,75652247,FLAMBEAU WP4005
VIEHERASIAT,B-VR004,VEDENPITÄVÄT,33985118,PLANO GUIDE -RASIA
VIEHERASIAT,B-VR004,VEDENPITÄVÄT,90231027,MEIHO-VERSIORASIA
VIEHERASIAT,B-VR005,MUUT RASIAT,35683012,PLANO WEEKEND -RASIA
VIEHERASIAT,B-VR005,MUUT RASIAT,53665882,SAVAGE GEAR -RASIA
VIEHERASIAT,B-VR005,MUUT RASIAT,83548265,ABU GARCIA -RASIA
KAHLUUSAAPPAAT,B-KA001,PERUS KAHLUUSAAPPAAT,58422069,SHIMANO KAHLUUSAAPPAAT
KAHLUUSAAPPAAT,B-KA002,NEOPREENI KAHLUUSAAPPAAT,86665658,VISION KOSKI KAHLUUSAAPPAAT
KAHLUUSAAPPAAT,B-KA003,HENGITTÄVÄT KAHLUUSAAPPAAT,45409832,SIMMS G3 GUIDE WADER
KAHLUUSAAPPAAT,B-KA004,RINTAKAHLUUHOUSUT,81814217,ORVIS PRO WADING PANTS
KAHLUUSAAPPAAT,B-KA005,PEHMUSTETUT KAHLUUSAAPPAAT,92696454,PATAGONIA FOOT TRACTOR WADING BOOTS
KAHLUUSAAPPAAT,B-KA006,KEVYET KAHLUUSAAPPAAT,74355707,HODGMAN H3 WADING BOOTS
KAHLUUSAAPPAAT,B-KA007,NAHKAKAHLUUSAAPPAAT,84718402,KORKERS BUCKSKIN WADING BOOTS
KAHLUUSAAPPAAT,B-KA008,NASTAKAHLUUSAAPPAAT,47335114,REDINGTON SKAGIT RIVER WADING BOOTS
KAHLUUSAAPPAAT,B-KA009,VETOKETJULLISET KAHLUUSAAPPAAT,82154257,CADDIS MEN'S DELUXE BREATHABLE STOCKINGFOOT WADERS
KAHLUUSAAPPAAT,B-KA010,KORKOKENKÄKAHLUUSAAPPAAT,36399722,COMPASS 360 STILLWATER II FELT WADING SHOES
KEIHÄÄT,C-KH-001,MIESTEN KEIHÄS,99215818,ADIDAS KEIHÄS
KEIHÄÄT,C-KH-002,NAISTEN KEIHÄS,70114935,NIKE KEIHÄS
KEIHÄÄT,C-KH-003,JUNIOR KEIHÄS,88480678,PUMA KEIHÄS
KEIHÄÄT,C-KH-004,HARJOITUSKEIHÄS,13389440,NORDIC SPORT KEIHÄS
KEIHÄÄT,C-KH-005,KILPAKEIHÄS,59459333,JAVELIN KEIHÄS
KEIHÄÄT,C-KH-006,KOULUKEIHÄS,90436031,SCHOOL SPORTS KEIHÄS
KEIHÄÄT,C-KH-007,ALUMIINIKEIHÄS,41624866,ALU KEIHÄS
KEIHÄÄT,C-KH-008,HIILIKUITUKEIHÄS,58712095,CARBON KEIHÄS
KEIHÄÄT,C-KH-009,PUUKEIHÄS,50914365,WOODEN KEIHÄS
KEIHÄÄT,C-KH-010,KOMPOSIITTI KEIHÄS,20320529,KOMPO KEIHÄS
KOIRANRUOKA,D-KORU-001,KUIVARUOKA,22220870,ROYAL CANIN MEDIUM ADULT 7+
KOIRANRUOKA,D-KORU-001,KUIVARUOKA,19207782,HILL'S SCIENCE PLAN ADULT SENSITIVE STOMACH & SKIN
KOIRANRUOKA,D-KORU-001,KUIVARUOKA,20683595,EUKANUBA ADULT LARGE BREED
KOIRANRUOKA,D-KORU-001,KUIVARUOKA,73677459,ORIJEN ORIGINAL GRAIN-FREE DRY DOG FOOD
KOIRANRUOKA,D-KORU-001,KUIVARUOKA,13937869,ACANA GRASS-FED LAMB & OKANAGAN APPLE
KOIRANRUOKA,D-KORU-002,MÄRKÄRUOKA,53917230,PURINA PRO PLAN LARGE ATHLETIC ADULT 7+ BEEF & RICE
KOIRANRUOKA,D-KORU-002,MÄRKÄRUOKA,55517513,ROYAL CANIN WET CANINE HEALTH NUTRITION AGING 12+
KOIRANRUOKA,D-KORU-002,MÄRKÄRUOKA,40938796,HILL'S SCIENCE PLAN ADULT 1-6 POULTRY MULTIPACK
KOIRANRUOKA,D-KORU-002,MÄRKÄRUOKA,56027463,CESAR CLASSICS WET DOG FOOD VARIETY PACK
KOIRANRUOKA,D-KORU-002,MÄRKÄRUOKA,13175821,LILY'S KITCHEN ORGANIC CHICKEN & VEGETABLE BAKE
KISSANRUOKA,D-KR001,KUIVARUOKA,83665973,ROYAL CANIN KITTEN 36 -KISSANRUOKA
KISSANRUOKA,D-KR001,KUIVARUOKA,55480046,HILL'S SCIENCE PLAN FELINE KITTEN -KISSANRUOKA
KISSANRUOKA,D-KR001,KUIVARUOKA,13141919,PURINA ONE -KISSANRUOKA
KISSANRUOKA,D-KR002,MÄRKÄRUOKA,90774098,SHEBA FRESH CHOICE -KISSANRUOKA
KISSANRUOKA,D-KR002,MÄRKÄRUOKA,22323524,ROYAL CANIN ULTRA LIGHT -KISSANRUOKA
KISSANRUOKA,D-KR002,MÄRKÄRUOKA,80531000,GOURMET GOLD TÄYDENNYSRUOKA -KISSANRUOKA
KISSANRUOKA,D-KR003,HERKUT JA VÄLIPALAT,98067450,DREAMIES -KISSANHERKKU
KISSANRUOKA,D-KR003,HERKUT JA VÄLIPALAT,99838694,WHISKAS CRUNCH -KISSANHERKKU
KISSANRUOKA,D-KR003,HERKUT JA VÄLIPALAT,75114638,FELIX PARTY MIX ORIGINAL -KISSANHERKKU
KISSANRUOKA,D-KR004,RAVINTOLISÄT,62726068,FORTIFLEX NUTRI-PASTE -KISSAN VITAMIINIPASTA
KOIRAN LELUT,D-KL-001,NOUTOLELUT,57184425,KONG CLASSIC -NOUTOLELU
KOIRAN LELUT,D-KL-002,PURULELUT,61752417,BENEBONE BACON FLAVORED WISHBONE
KOIRAN LELUT,D-KL-003,ÄLYLELUT,98503142,TRIXIE ACTIVITY FLIP BOARD -ÄLYPELI
KOIRAN LELUT,D-KL-004,KESTOLELUT,80513203,CHUCKIT! ULTRA BALL -KESTOPALLO
KOIRAN LELUT,D-KL-005,VETOLELUT,23054822,NERF DOG TUG TOY -VETOLELU
KOIRAN LELUT,D-KL-006,INTERAKTIIVISET LELUT,47991710,OUTWARD HOUND HIDE-A-SQUIRREL -LELU
KOIRAN LELUT,D-KL-007,KOIRAN AKTIVOINTILELUT,97808023,NINA OTTOSSON DOG TORNADO -AKTIVOINTILELU
KOIRAN LELUT,D-KL-008,PEHMOLELUT,68588419,KONG COZIES -PEHMOLELU
KOIRAN LELUT,D-KL-009,KOIRANPALLO,31187988,CHUCKIT! ULTRA SQUEAKER BALL -PALLO
KOIRAN LELUT,D-KL-010,KOIRAN UIMALAUTA,70350923,PAWS ABOARD DOGGY LAZY RAFT -UIMALAUTA
KISSANHIEKKA,D-KH001,SAVIHIEKKA,80011398,3 KG SAVIHIEKKA
KISSANHIEKKA,D-KH001,SAVIHIEKKA,54340478,5 KG SAVIHIEKKA
KISSANHIEKKA,D-KH001,SAVIHIEKKA,22991514,10 KG SAVIHIEKKA
KISSANHIEKKA,D-KH002,KUITUHIEKKA,15892962,3 KG KUITUHIEKKA
KISSANHIEKKA,D-KH002,KUITUHIEKKA,63770914,6 KG KUITUHIEKKA
KISSANHIEKKA,D-KH002,KUITUHIEKKA,31521726,12 KG KUITUHIEKKA
KISSANHIEKKA,D-KH003,KIDEHIEKKA,96215494,4 KG KIDEHIEKKA
KISSANHIEKKA,D-KH003,KIDEHIEKKA,95440046,8 KG KIDEHIEKKA
KISSANHIEKKA,D-KH003,KIDEHIEKKA,16788824,16 KG KIDEHIEKKA
KISSANHIEKKA,D-KH004,SILICAHIEKKA,38480496,5 KG SILICAHIEKKA
KOIRANPEDIT,D-LP-KR01,KULMAPETI,23225756,TRIXIE CORNER BED
KOIRANPEDIT,D-LP-OK02,ORTOPEDINEN PATJA,21113140,EVERPET ORTHOPEDIC BED
KOIRANPEDIT,D-LP-KK03,KOIRAN KORI,66728041,SCRUFFS BASKET BED
KOIRANPEDIT,D-LP-PK04,PENNUN PETI,73140038,PET GEAR PUPPY BED
KOIRANPEDIT,D-LP-TK05,MATKUSTUSPETI,79725173,PET GEAR TRAVEL BED
KISSANPEDIT,D-LP-KM01,KISSAN MÖKKI,59623777,TRIXIE CAT HOUSE
KISSANPEDIT,D-LP-OK02,ORTOPEDINEN PATJA,81070243,EVERPET ORTHOPEDIC BED
KISSANPEDIT,D-LP-KP03,KISSAN PETI,11728762,SCRUFFS CAT BED
KISSANPEDIT,D-LP-PK04,PENNUN PETI,20285190,PET GEAR KITTEN BED
KISSANPEDIT,D-LP-TK05,MATKUSTUSPETI,43017098,PET GEAR TRAVEL BED
LEMMIKKIEN PANNAT,D-LEPA-001,KAULAPANNAT,45592419,NAHKAINEN KAULAPANTA
LEMMIKKIEN PANNAT,D-LEPA-001,KAULAPANNAT,41417292,KIMALTELEVA KAULAPANTA
LEMMIKKIEN PANNAT,D-LEPA-001,KAULAPANNAT,88007352,HEIJASTAVA KAULAPANTA
LEMMIKKIEN PANNAT,D-LEPA-002,FLEXI-PANTTA,72042504,FLEXI-PANTA
LEMMIKKIEN PANNAT,D-LEPA-002,FLEXI-PANTTA,62298597,FLEXI-PANTA
LEMMIKKIEN PANNAT,D-LEPA-003,JUOKSUPANNAT,90002412,JUOKSUPANTA
LEMMIKKIEN PANNAT,D-LEPA-003,JUOKSUPANNAT,83820918,JUOKSUPANTA
LEMMIKKIEN PANNAT,D-LEPA-003,JUOKSUPANNAT,75801410,JUOKSUPANTA
LEMMIKKIEN PANNAT,D-LEPA-004,LED-PANNAT,19480139,LED-KAULAPANTA
LEMMIKKIEN PANNAT,D-LEPA-004,LED-PANNAT,29387592,LED-KAULAPANTA
LEMMIKKIEN TURKIN HOITO,D-LT001,SHAMPOOT,15183501,ROYAL CANIN SENSITIVITY CONTROL SHAMPOO 200 ML
LEMMIKKIEN TURKIN HOITO,D-LT001,SHAMPOOT,64564131,PET HEAD OATMEAL SHAMPOO 475 ML
LEMMIKKIEN TURKIN HOITO,D-LT001,SHAMPOOT,43532545,FURMINATOR DESHEDDING ULTRA PREMIUM SHAMPOO 250 ML
LEMMIKKIEN TURKIN HOITO,D-LT002,HOITOAINEET,20978367,ESPREE NATURAL SIMPLE SHED TREATMENT 355 ML
LEMMIKKIEN TURKIN HOITO,D-LT002,HOITOAINEET,98283911,BEAPHAR EYE CARE 50 ML
LEMMIKKIEN TURKIN HOITO,D-LT002,HOITOAINEET,12690894,FURMINATOR HAIRBALL PREVENTION WATERLESS SPRAY 250 ML
LEMMIKKIEN TURKIN HOITO,D-LT003,KYNSISAKSET,96912232,DOG NAIL CLIPPERS
LEMMIKKIEN TURKIN HOITO,D-LT003,KYNSISAKSET,88668112,CAT NAIL CLIPPERS
LEMMIKKIEN TURKIN HOITO,D-LT003,KYNSISAKSET,82000525,PROFESSIONAL DOG NAIL CLIPPER
LEMMIKKIEN TURKIN HOITO,D-LT004,HARJAT JA KAMMAT,64355470,ANDIS PREMIUM LARGE PIN BRUSH
ELÄINTEN LÄÄKKEET,D-EL001,KIPULÄÄKKEET,20321185,METACAM 1
ELÄINTEN LÄÄKKEET,D-EL001,KIPULÄÄKKEET,32043104,RIMADYL 100MG TABLETTI KOIRILLE
ELÄINTEN LÄÄKKEET,D-EL002,PUNKKILÄÄKKEET,42789107,BRAVECTO 250MG MATOLÄÄKE KOIRALLE
ELÄINTEN LÄÄKKEET,D-EL002,PUNKKILÄÄKKEET,55865214,EFFIPRO SPOT-ON 50MG/0
ELÄINTEN LÄÄKKEET,D-EL003,SYDÄN- JA VERISUONILÄÄKKEET,72759610,CARDALIS 2
ELÄINTEN LÄÄKKEET,D-EL003,SYDÄN- JA VERISUONILÄÄKKEET,73819489,VETMEDIN 10MG TABLETTI KOIRALLE
ELÄINTEN LÄÄKKEET,D-EL004,SILMÄTIPAT JA -VOITEET,38763476,OPTIMMUNE 2MG/G SILMÄVOIDE KOIRALLE
ELÄINTEN LÄÄKKEET,D-EL004,SILMÄTIPAT JA -VOITEET,97746597,OCUFLUR 5MG/ML SILMÄTIPAT KISSOILLE JA KOIRILLE
ELÄINTEN LÄÄKKEET,D-EL005,KUTINALÄÄKKEET,32423253,ATOPICA 25MG KAPSELI KOIRALLE
ELÄINTEN LÄÄKKEET,D-EL005,KUTINALÄÄKKEET,43012845,APOQUEL 3
HDMI-KAAPELIT,E-HDMI-001,STANDARDI HDMI-KAAPELI,62255939,HDMI-KAAPELI
HDMI-KAAPELIT,E-HDMI-002,MINI-HDMI-KAAPELI,76311867,MINI-HDMI-KAAPELI
HDMI-KAAPELIT,E-HDMI-003,MICRO-HDMI-KAAPELI,31145501,MICRO-HDMI-KAAPELI
HDMI-KAAPELIT,E-HDMI-004,HDMI-KAAPELI ETHERNETILLA,20540632,HDMI-KAAPELI ETHERNETILLA
HDMI-KAAPELIT,E-HDMI-005,HDMI-KAAPELI KULLATUILLA LIITTIMILLÄ,37035647,HDMI-KAAPELI KULLATUILLA LIITTIMILLÄ
HDMI-KAAPELIT,E-HDMI-006,HDMI-KAAPELI HDR-TUELLA,11089799,HDMI-KAAPELI HDR-TUELLA
HDMI-KAAPELIT,E-HDMI-007,HDMI-KAAPELI 8K-RESOLUUTIOLLA,58153034,HDMI-KAAPELI 8K-RESOLUUTIOLLA
HDMI-KAAPELIT,E-HDMI-008,HDMI-KAAPELI ARC-TUELLA,61177005,HDMI-KAAPELI ARC-TUELLA
HDMI-KAAPELIT,E-HDMI-009,HDMI-KAAPELI KAAREVALLA MUOTOILULLA,48184938,HDMI-KAAPELI KAAREVALLA MUOTOILULLA
HDMI-KAAPELIT,E-HDMI-010,HDMI-KAAPELI TERÄSKUDOS-SUOJAUKSELLA,47283249,HDMI-KAAPELI TERÄSKUDOS-SUOJAUKSELLA
USB-LIITTIMET,E-USB-001,USB-A-LIITIN,10691615,USB-A-LIITIN
USB-LIITTIMET,E-USB-002,USB-B-LIITIN,96355980,USB-B-LIITIN
USB-LIITTIMET,E-USB-003,USB-C-LIITIN,84685386,USB-C-LIITIN
USB-LIITTIMET,E-USB-004,MICRO-USB-LIITIN,56506633,MICRO-USB-LIITIN
USB-LIITTIMET,E-USB-005,MINI-USB-LIITIN,13000464,MINI-USB-LIITIN
ETHERNET-KAAPELIT,E-EK001,CAT5E ETHERNET-KAAPELI,19260137,2 METRIN CAT5E ETHERNET-KAAPELI
ETHERNET-KAAPELIT,E-EK002,CAT6 ETHERNET-KAAPELI,59902329,5 METRIN CAT6 ETHERNET-KAAPELI
ETHERNET-KAAPELIT,E-EK003,CAT6A ETHERNET-KAAPELI,18793139,10 METRIN CAT6A ETHERNET-KAAPELI
ETHERNET-KAAPELIT,E-EK004,CAT7 ETHERNET-KAAPELI,60501254,15 METRIN CAT7 ETHERNET-KAAPELI
ETHERNET-KAAPELIT,E-EK005,OPTINEN ETHERNET-KAAPELI,48731437,20 METRIN OPTINEN ETHERNET-KAAPELI
VIRTAKAAPELIT,E-VK001,230V VERKKOKAAPELI,10019096,VERKKOKAAPELI 1
VIRTAKAAPELIT,E-VK001,230V VERKKOKAAPELI,29724560,VERKKOKAAPELI 3M
VIRTAKAAPELIT,E-VK001,230V VERKKOKAAPELI,95739893,VERKKOKAAPELI 5M
VIRTAKAAPELIT,E-VK002,USB-LATURI,30038812,1-PORTTINEN USB-LATURI
VIRTAKAAPELIT,E-VK002,USB-LATURI,54754411,2-PORTTINEN USB-LATURI
VIRTAKAAPELIT,E-VK002,USB-LATURI,22118184,4-PORTTINEN USB-LATURI
VIRTAKAAPELIT,E-VK003,AUTO-ADAPTERI,43952461,AUTO-ADAPTERI 12V -> USB
VIRTAKAAPELIT,E-VK004,VIRTAJOHDOT,69017029,VIRTAJOHTO
VIRTAKAAPELIT,E-VK004,VIRTAJOHDOT,61359401,VIRTAJOHTO
VIRTAKAAPELIT,E-VK004,VIRTAJOHDOT,61478434,VIRTAJOHTO
KOAXIAL-KAAPELIT,E-KKA01,RG6,53839005,TRI-TECH RG6 COAXIAL CABLE
KOAXIAL-KAAPELIT,E-KKA01,RG11,82307514,BELDEN RG11 COAXIAL CABLE
KOAXIAL-KAAPELIT,E-KKA01,RG59,14123332,TRI-TECH RG59 COAXIAL CABLE
KOAXIAL-KAAPELIT,E-KKA01,RG174,23774220,ALPHA WIRE RG174 COAXIAL CABLE
KOAXIAL-KAAPELIT,E-KKA01,RG213,19868273,BELDEN RG213 COAXIAL CABLE
KOAXIAL-KAAPELIT,E-KKA02,50 OHM,16557047,TRI-TECH 50 OHM COAXIAL CABLE
KOAXIAL-KAAPELIT,E-KKA02,75 OHM,67691738,TRI-TECH 75 OHM COAXIAL CABLE
KOAXIAL-KAAPELIT,E-KKA03,SUOJATTU,13098570,BELDEN SUOJATTU COAXIAL CABLE
KOAXIAL-KAAPELIT,E-KKA03,SUOJAAMATON,27044198,BELDEN SUOJAAMATON COAXIAL CABLE
KOAXIAL-KAAPELIT,E-KKA04,LITTEÄ,97715563,TRI-TECH LITTEÄ COAXIAL CABLE
AUDIOKAAPELIT,E-AK-001,3.5MM AUDIOKAAPELIT,17796009,3.5MM KAAPELI
AUDIOKAAPELIT,E-AK-002,RCA-AUDIOKAAPELIT,73490169,RCA-KAAPELI
AUDIOKAAPELIT,E-AK-003,OPTISET AUDIOKAAPELIT,64729297,OPTINEN KAAPELI
AUDIOKAAPELIT,E-AK-004,HDMI-ÄÄNIKAAPELIT,13420065,HDMI-ÄÄNIKAAPELI
AUDIOKAAPELIT,E-AK-005,USB-AUDIOKAAPELIT,99915852,USB-ÄÄNIKAAPELI
KAIUTINKAAPELIT,E-KK-001,NORMAALIT KAIUTINKAAPELIT,73092989,10M KAIUTINKAAPELI
KAIUTINKAAPELIT,E-KK-002,BI-AMPING KAIUTINKAAPELIT,70956202,15M KAIUTINKAAPELI
KAIUTINKAAPELIT,E-KK-003,BANANA PLUG KAIUTINKAAPELIT,41536561,20M KAIUTINKAAPELI
KAIUTINKAAPELIT,E-KK-004,SPADE PLUG KAIUTINKAAPELIT,14641611,25M KAIUTINKAAPELI
KAIUTINKAAPELIT,E-KK-005,LATTIALIITÄNNÄT,25054690,30M KAIUTINKAAPELI
VIDEOKAAPELIT,E-VC001,VGA-KAAPELIT,48981653,VGA-KAAPELI
VIDEOKAAPELIT,E-VC001,VGA-KAAPELIT,58845741,VGA-KAAPELI
VIDEOKAAPELIT,E-VC001,VGA-KAAPELIT,31285188,VGA-KAAPELI
VIDEOKAAPELIT,E-VC002,HDMI-KAAPELIT,37937948,HDMI-KAAPELI
VIDEOKAAPELIT,E-VC002,HDMI-KAAPELIT,87942243,HDMI-KAAPELI
VIDEOKAAPELIT,E-VC002,HDMI-KAAPELIT,31107865,HDMI-KAAPELI
VIDEOKAAPELIT,E-VC003,DISPLAYPORT-KAAPELIT,96517524,DISPLAYPORT-KAAPELI
VIDEOKAAPELIT,E-VC003,DISPLAYPORT-KAAPELIT,21842721,DISPLAYPORT-KAAPELI
VIDEOKAAPELIT,E-VC003,DISPLAYPORT-KAAPELIT,87947262,DISPLAYPORT-KAAPELI
VIDEOKAAPELIT,E-VC004,DVI-KAAPELIT,27367070,DVI-KAAPELI
AUTONHOITO,F-AH-001,AUTOSHAMPOO,67042927,SONAX AUTOSHAMPOO
AUTONHOITO,F-AH-001,AUTOSHAMPOO,58908704,TURTLE WAX SUPER HARD SHELL AUTOSHAMPOO
AUTONHOITO,F-AH-002,AUTOVAHAT,76906724,MEGUIAR'S GOLD CLASS CARNAUBA PLUS PREMIUM AUTOVAHAPAKETTI
AUTONHOITO,F-AH-002,AUTOVAHAT,73059125,COLLINITE 845 INSULATOR WAX
AUTONHOITO,F-AH-003,SISÄPUHDISTUS,18755318,ARMOR ALL LEATHER CARE GEL
AUTONHOITO,F-AH-003,SISÄPUHDISTUS,75521224,CHEMICAL GUYS INNERCLEAN INTERIOR QUICK DETAILER & PROTECTANT
AUTONHOITO,F-AH-004,ULKOPUHDISTUS,81149293,GTECHNIQ W5 CITRUS ALL PURPOSE CLEANER
AUTONHOITO,F-AH-004,ULKOPUHDISTUS,97884589,AUTOGLYM POLAR BLAST SNOW FOAM
AUTONHOITO,F-AH-005,VANTEIDENHOITO,60995090,SONAX XTREME WHEEL CLEANER PLUS
AUTONHOITO,F-AH-005,VANTEIDENHOITO,11916978,MEGUIAR'S HOT RIMS WHEEL & TIRE CLEANER
AUTONRENKAAT,F-ARE-001,KESÄRENKAAT,50076807,MICHELIN PILOT SPORT 4
AUTONRENKAAT,F-ARE-001,KESÄRENKAAT,19593150,NOKIAN HAKKA BLACK 2
AUTONRENKAAT,F-ARE-001,KESÄRENKAAT,23475594,CONTINENTAL PREMIUMCONTACT 6
AUTONRENKAAT,F-ARE-001,KESÄRENKAAT,96959268,BRIDGESTONE POTENZA S001
AUTONRENKAAT,F-ARE-001,KESÄRENKAAT,11150491,PIRELLI P ZERO
AUTONRENKAAT,F-ARE-002,KITKARENKAAT,79513157,NOKIAN HAKKAPELIITTA 9
AUTONRENKAAT,F-ARE-002,KITKARENKAAT,45614363,MICHELIN X-ICE SNOW
AUTONRENKAAT,F-ARE-002,KITKARENKAAT,65152039,CONTINENTAL ICECONTACT 3
AUTONRENKAAT,F-ARE-002,KITKARENKAAT,52203693,BRIDGESTONE BLIZZAK DM-V3
AUTONRENKAAT,F-ARE-002,KITKARENKAAT,13900646,PIRELLI ICE ZERO FR
AUTONRENKAAT,F-ARE-003,KEVYTMETALLIVANTEET,40064002,OXIGIN 18 CONCAVE BLACK
AUTONRENKAAT,F-ARE-003,KEVYTMETALLIVANTEET,47259694,BROCK B32 HYPER SILVER
AUTONRENKAAT,F-ARE-003,KEVYTMETALLIVANTEET,21060719,BARRACUDA VOLTEC T6 MATT BLACK
AUTONRENKAAT,F-ARE-003,KEVYTMETALLIVANTEET,77517685,MAK FAHR SILVER
AUTONRENKAAT,F-ARE-003,KEVYTMETALLIVANTEET,55737633,RIAL OSLO POLAR SILVER
AUTONRENKAAT,F-ARE-004,TERÄSVANTEET,48800700,ALCAR STAHLRAD
AUTONRENKAAT,F-ARE-004,TERÄSVANTEET,19946430,CMS C14
AUTONRENKAAT,F-ARE-004,TERÄSVANTEET,28277170,OXXO VENERA
AUTONRENKAAT,F-ARE-004,TERÄSVANTEET,71701086,KFZ STEEL WHEEL
AUTONRENKAAT,F-ARE-004,TERÄSVANTEET,91263216,BROCK B22
POLTTOAINEJÄRJESTELMÄN OSAT,F-PAJA-001,SUODATTIMET,70293322,BOSCH POLTTOAINESUODATIN
POLTTOAINEJÄRJESTELMÄN OSAT,F-PAJA-001,SUODATTIMET,89227510,MANN-FILTER POLTTOAINESUODATIN
POLTTOAINEJÄRJESTELMÄN OSAT,F-PAJA-001,SUODATTIMET,49681648,PURFLUX POLTTOAINESUODATIN
POLTTOAINEJÄRJESTELMÄN OSAT,F-PAJA-002,PUMPUT,55965889,BOSCH POLTTOAINEPUMPPU
POLTTOAINEJÄRJESTELMÄN OSAT,F-PAJA-002,PUMPUT,20203174,DELPHI POLTTOAINEPUMPPU
POLTTOAINEJÄRJESTELMÄN OSAT,F-PAJA-002,PUMPUT,51704465,SIEMENS VDO POLTTOAINEPUMPPU
POLTTOAINEJÄRJESTELMÄN OSAT,F-PAJA-003,SUUTTIMET,19076957,BOSCH POLTTOAINESUUTIN
POLTTOAINEJÄRJESTELMÄN OSAT,F-PAJA-003,SUUTTIMET,14881676,DELPHI POLTTOAINESUUTIN
POLTTOAINEJÄRJESTELMÄN OSAT,F-PAJA-003,SUUTTIMET,20314975,SIEMENS VDO POLTTOAINESUUTIN
POLTTOAINEJÄRJESTELMÄN OSAT,F-PAJA-004,SÄÄTIMET,95148243,BOSCH POLTTOAINEEN PAINEENSÄÄDIN
POLTTOAINEJÄRJESTELMÄN OSAT,F-PAJA-004,SÄÄTIMET,32970700,PIERBURG POLTTOAINEEN PAINEENSÄÄDIN
POLTTOAINEJÄRJESTELMÄN OSAT,F-PAJA-004,SÄÄTIMET,54841770,VEMO POLTTOAINEEN PAINEENSÄÄDIN
POLTTOAINEJÄRJESTELMÄN OSAT,F-PAJA-005,ILMAMÄÄRÄMITTARIT,70342412,BOSCH ILMAMÄÄRÄMITTARI
POLTTOAINEJÄRJESTELMÄN OSAT,F-PAJA-005,ILMAMÄÄRÄMITTARIT,36050882,HELLA ILMAMÄÄRÄMITTARI
POLTTOAINEJÄRJESTELMÄN OSAT,F-PAJA-005,ILMAMÄÄRÄMITTARIT,46095640,PIERBURG ILMAMÄÄRÄMITTARI
POLTTOAINEJÄRJESTELMÄN OSAT,F-PAJA-006,POLTTOAINELETKUT,82170042,GATES POLTTOAINELETKU
POLTTOAINEJÄRJESTELMÄN OSAT,F-PAJA-006,POLTTOAINELETKUT,98553292,MEYLE POLTTOAINELETKU
POLTTOAINEJÄRJESTELMÄN OSAT,F-PAJA-006,POLTTOAINELETKUT,60079466,VAICO POLTTOAINELETKU
JARRUOSAT,F-JOS-001,JARRULEVYT,47580342,BREMBO SPORT JARRULEVYT
JARRUOSAT,F-JOS-002,JARRUPALAT,48314177,FERODO RACING JARRUPALAT
JARRUOSAT,F-JOS-003,JARRUSATULAT,87016928,ATE POWERDISC JARRUSATULA
JARRUOSAT,F-JOS-004,JARRUPUTKET,13956495,HEL PERFORMANCE JARRUPUTKET
JARRUOSAT,F-JOS-005,JARRUMÄNTÄSARJAT,95472934,TRW JARRUMÄNTÄSARJA
JARRUOSAT,F-JOS-006,JARRUNESTEET,21847067,MOTUL RBF 660 RACING JARRUNESTE
JARRUOSAT,F-JOS-007,JARRUKILVET,16041148,ZIMMERMANN JARRUKILVET
JARRUOSAT,F-JOS-008,JARRUJEN ILMAUSLAITTEET,94341635,MITYVAC JARRUJEN ILMAUSLAITE
JARRUOSAT,F-JOS-009,JARRUPÖLYSUOJAT,51191866,EBC BRAKES JARRUPÖLYSUOJAT
JARRUOSAT,F-JOS-010,JARRUJEN KORJAUSSARJAT,54549791,ATE JARRUJEN KORJAUSSARJA
PAKOPUTKISTOT,F-PKP-001,KATALYSAATTORIT,13737861,MAGNAFLOW 49-STATE KATALYSAATTORI
PAKOPUTKISTOT,F-PKP-001,KATALYSAATTORIT,52357442,WALKER EPA-KATALYSAATTORI
PAKOPUTKISTOT,F-PKP-002,PAKOPUTKET,80491449,BOSAL ALUMINIZED STEEL -PAKOPUTKI
PAKOPUTKISTOT,F-PKP-002,PAKOPUTKET,26018763,FLOWMASTER STAINLESS STEEL -PAKOPUTKI
PAKOPUTKISTOT,F-PKP-003,PAKOSARJAT,12080920,BORLA EXHAUST STAINLESS STEEL -PAKOSARJA
PAKOPUTKISTOT,F-PKP-003,PAKOSARJAT,66579722,GIBSON PERFORMANCE CERAMIC COATED -PAKOSARJA
PAKOPUTKISTOT,F-PKP-004,PAKOPUTKIEN TIIVISTEET,33056455,FEL-PRO EXHAUST PIPE FLANGE GASKET
PAKOPUTKISTOT,F-PKP-004,PAKOPUTKIEN TIIVISTEET,77308720,BOSAL EXHAUST PIPE FLANGE GASKET
PAKOPUTKISTOT,F-PKP-005,PAKOPUTKEN KIINNIKKEET,40069589,WALKER EXHAUST INSULATOR
PAKOPUTKISTOT,F-PKP-005,PAKOPUTKEN KIINNIKKEET,75220945,BOSAL EXHAUST HANGER
MOOTTORIN OSAT,F-MO-100,MOOTTORIN LOHKO,20643495,BMW M50 MOOTTORIN LOHKO
MOOTTORIN OSAT,F-MO-100,MOOTTORIN LOHKO,81900447,TOYOTA 4A-GE MOOTTORIN LOHKO
MOOTTORIN OSAT,F-MO-200,KANSI,79814902,HONDA B16A2 MOOTTORIN KANSI
MOOTTORIN OSAT,F-MO-200,KANSI,15964812,FORD DURATEC MOOTTORIN KANSI
MOOTTORIN OSAT,F-MO-300,SYLINTERIPUTKI,69833933,SUBARU EJ20 MOOTTORIN SYLINTERIPUTKI
MOOTTORIN OSAT,F-MO-300,SYLINTERIPUTKI,44732124,CHEVROLET LS1 MOOTTORIN SYLINTERIPUTKI
MOOTTORIN OSAT,F-MO-400,KAMPIAKSELI,43176518,MITSUBISHI 4G63 MOOTTORIN KAMPIAKSELI
MOOTTORIN OSAT,F-MO-400,KAMPIAKSELI,84213008,VOLKSWAGEN VR6 MOOTTORIN KAMPIAKSELI
MOOTTORIN OSAT,F-MO-500,KIERTOKANGET,99335871,NISSAN RB26DETT MOOTTORIN KIERTOKANGET
MOOTTORIN OSAT,F-MO-500,KIERTOKANGET,38659015,AUDI 2.7T MOOTTORIN KIERTOKANGET
MOOTTORIN OSAT,F-MO-600,MÄNNÄT JA SYLINTERINRENKAAT,74280698,PORSCHE 911 MOOTTORIN MÄNNÄT JA SYLINTERINRENKAAT
MOOTTORIN OSAT,F-MO-600,MÄNNÄT JA SYLINTERINRENKAAT,28239903,TOYOTA 2JZ MOOTTORIN MÄNNÄT JA SYLINTERINRENKAAT
MOOTTORIN OSAT,F-MO-700,NOKKA-AKSELI,99068553,BMW S52 MOOTTORIN NOKKA-AKSELI
MOOTTORIN OSAT,F-MO-700,NOKKA-AKSELI,81089274,FORD 302 MOOTTORIN NOKKA-AKSELI
MOOTTORIN OSAT,F-MO-800,SYTYTYSJÄRJESTELMÄ,24414359,CHEVROLET LS3 MOOTTORIN SYTYTYSJÄRJESTELMÄ
MOOTTORIN OSAT,F-MO-800,SYTYTYSJÄRJESTELMÄ,95892337,TOYOTA 4A-GE MOOTTORIN SYTYTYSJÄRJESTELM
SÄHKÖJÄRJESTELMÄN OSAT,F-ST1,SYTYTYSTULPAT,62857130,NGK SYTYTYSTULPPA
SÄHKÖJÄRJESTELMÄN OSAT,F-ST1,SYTYTYSTULPAT,92192611,BOSCH SYTYTYSTULPPA
SÄHKÖJÄRJESTELMÄN OSAT,F-ST1,SYTYTYSTULPAT,89616395,DENSO SYTYTYSTULPPA
SÄHKÖJÄRJESTELMÄN OSAT,F-ST1,SYTYTYSTULPAT,10116058,CHAMPION SYTYTYSTULPPA
SÄHKÖJÄRJESTELMÄN OSAT,F-ST1,SYTYTYSTULPAT,76913976,BERU SYTYTYSTULPPA
SÄHKÖJÄRJESTELMÄN OSAT,F-ST2,AKUT,31947594,VARTA AKKU
SÄHKÖJÄRJESTELMÄN OSAT,F-ST2,AKUT,62553245,EXIDE AKKU
SÄHKÖJÄRJESTELMÄN OSAT,F-ST2,AKUT,46843017,BOSCH AKKU
SÄHKÖJÄRJESTELMÄN OSAT,F-ST2,AKUT,37979819,OPTIMA AKKU
SÄHKÖJÄRJESTELMÄN OSAT,F-ST2,AKUT,80156908,YUASA AKKU
SÄHKÖJÄRJESTELMÄN OSAT,F-ST3,LATURIT,96617656,BOSCH LATURI
SÄHKÖJÄRJESTELMÄN OSAT,F-ST3,LATURIT,52164149,VALEO LATURI
SÄHKÖJÄRJESTELMÄN OSAT,F-ST3,LATURIT,12028492,DENSO LATURI
SÄHKÖJÄRJESTELMÄN OSAT,F-ST3,LATURIT,13906160,MAGNETI MARELLI LATURI
SÄHKÖJÄRJESTELMÄN OSAT,F-ST3,LATURIT,22956524,MITSUBISHI LATURI
SÄHKÖJÄRJESTELMÄN OSAT,F-ST4,KÄYNNISTYSMOOTTORIT,64393724,BOSCH KÄYNNISTYSMOOTTORI
SÄHKÖJÄRJESTELMÄN OSAT,F-ST4,KÄYNNISTYSMOOTTORIT,92440883,VALEO KÄYNNISTYSMOOTTORI
SÄHKÖJÄRJESTELMÄN OSAT,F-ST4,KÄYNNISTYSMOOTTORIT,11533855,DENSO KÄYNNISTYSMOOTTORI
SÄHKÖJÄRJESTELMÄN OSAT,F-ST4,KÄYNNISTYSMOOTTORIT,75864298,MAGNETI MARELLI KÄYNNISTYSMOOTTORI
SÄHKÖJÄRJESTELMÄN OSAT,F-ST4,KÄYNNISTYSMOOTTORIT,50558412,MITSUBISHI KÄYNNISTYSMOOTTORI
SÄHKÖJÄRJESTELMÄN OSAT,F-ST5,JÄNNITTEENSÄÄTIMET,11500271,BOSCH JÄNNITTEENSÄÄDIN
AUTOKORJAAMON VARUSTEET,F-LV1,NOSTOLAVAT,45809466,HYDRAULINEN NOSTOLAITE
AUTOKORJAAMON VARUSTEET,F-LV1,NOSTOLAVAT,70615623,SAKSINOSTIN
AUTOKORJAAMON VARUSTEET,F-LV1,NOSTOLAVAT,39565455,NELIPILARINOSTIN
AUTOKORJAAMON VARUSTEET,F-LV1,NOSTOLAVAT,87196828,KATTOLAVAT
AUTOKORJAAMON VARUSTEET,F-LV1,NOSTOLAVAT,33090000,TELESKOOPPINOSTIN
AUTOKORJAAMON VARUSTEET,F-LV2,PAINEILMATYÖKALUT,20542607,PAINEILMANAULAIN
AUTOKORJAAMON VARUSTEET,F-LV2,PAINEILMATYÖKALUT,67946392,PAINEILMALEIKKURI
AUTOKORJAAMON VARUSTEET,F-LV2,PAINEILMATYÖKALUT,51132982,PAINEILMASIRKKELI
AUTOKORJAAMON VARUSTEET,F-LV2,PAINEILMATYÖKALUT,25967027,PAINEILMAPORA
AUTOKORJAAMON VARUSTEET,F-LV2,PAINEILMATYÖKALUT,34962332,PAINEILMAPURISTIN
AUTOKORJAAMON VARUSTEET,F-LV3,HITSAUSLAITTEET,96990766,MIG-HITSAUSKONE
AUTOKORJAAMON VARUSTEET,F-LV3,HITSAUSLAITTEET,92504192,TIG-HITSAUSKONE
AUTOKORJAAMON VARUSTEET,F-LV3,HITSAUSLAITTEET,40487437,KAASUHITSAUSLAITE
AUTOKORJAAMON VARUSTEET,F-LV3,HITSAUSLAITTEET,63106735,PUIKKOHITSAUSLAITE
AUTOKORJAAMON VARUSTEET,F-LV3,HITSAUSLAITTEET,17746926,PISTEHITSAUSLAITE
AUTOKORJAAMON VARUSTEET,F-LV4,TYÖKALUT JA TARVIKKEET,49888325,MOMENTTIAVAIN
AUTOKORJAAMON VARUSTEET,F-LV4,TYÖKALUT JA TARVIKKEET,18377356,JOUSIPURISTIN
AUTOKORJAAMON VARUSTEET,F-LV4,TYÖKALUT JA TARVIKKEET,91810421,VASARAMURSKAIN
AUTOKORJAAMON VARUSTEET,F-LV4,TYÖKALUT JA TARVIKKEET,80992336,PRY-BAR
AUTOKORJAAMON VARUSTEET,F-LV4,TYÖKALUT JA TARVIKKEET,15584927,KROMATTU KÄRKI
HUONEKALUT,G-HK001,SOHVAT,56265095,NAHKASOHVA
HUONEKALUT,G-HK001,SOHVAT,45487738,KANGASSOHVA
HUONEKALUT,G-HK001,SOHVAT,59534926,VUODESOHVA
HUONEKALUT,G-HK001,SOHVAT,32038309,DIVAANISOHVA
HUONEKALUT,G-HK001,SOHVAT,65829990,MODUULISOHVA
HUONEKALUT,G-HK002,RUOKAPÖYDÄT,58595286,PUISET RUOKAPÖYDÄT
HUONEKALUT,G-HK002,RUOKAPÖYDÄT,77403240,LASIPÖYDÄT
HUONEKALUT,G-HK002,RUOKAPÖYDÄT,65619894,PYÖREÄT RUOKAPÖYDÄT
HUONEKALUT,G-HK002,RUOKAPÖYDÄT,75700605,ULKOTILAPÖYDÄT
HUONEKALUT,G-HK002,RUOKAPÖYDÄT,92235837,TAITETTAVAT RUOKAPÖYDÄT
HUONEKALUT,G-HK003,SÄNGYT,21068615,PARIVUODE
HUONEKALUT,G-HK003,SÄNGYT,19281453,KERROSSÄNKY
HUONEKALUT,G-HK003,SÄNGYT,36261372,RUNKOSÄNKY
HUONEKALUT,G-HK003,SÄNGYT,64241143,JATKETTAVA SÄNKY
HUONEKALUT,G-HK003,SÄNGYT,93314459,LASTEN SÄNKY
HUONEKALUT,G-HK004,KAAPIT,39234730,VAATEKAAPPI
HUONEKALUT,G-HK004,KAAPIT,24942077,KIRJAHYLLY
HUONEKALUT,G-HK004,KAAPIT,48699348,LIPASTO
HUONEKALUT,G-HK004,KAAPIT,51854633,TV-TASO
HUONEKALUT,G-HK004,KAAPIT,48272647,KEITTIÖKAAPPI
HUONEKALUT,G-HK005,TUOLIT,99811126,RUOKATUOLI
HUONEKALUT,G-HK005,TUOLIT,49933363,NOJATUOLI
HUONEKALUT,G-HK005,TUOLIT,78543399,TYÖTUOLI
HUONEKALUT,G-HK005,TUOLIT,37327170,PEHMUSTETTU TUOLI
HUONEKALUT,G-HK005,TUOLIT,37687320,BAARIJAKKARA
HUONEKALUT,G-HK006,PÖYDÄT,67106490,KIRJOITUSPÖYTÄ
HUONEKALUT,G-HK006,PÖYDÄT,25365614,RUOKAPÖYTÄ
HUONEKALUT,G-HK006,PÖYDÄT,15504442,SIVUPÖYTÄ
HUONEKALUT,G-HK006,PÖYDÄT,22266317,KONSOLIPÖYTÄ
HUONEKALUT,G-HK006,PÖYDÄT,35492723,SOHVAPÖYTÄ
HUONEKALUT,G-HK007,HYLLYT,89278093,KYLPYHUONEHYLLY
HUONEKALUT,G-HK007,HYLLYT,20316489,SEINÄHYLLY
HUONEKALUT,G-HK007,HYLLYT,44981218,ETEISHYLLY
HUONEKALUT,G-HK007,HYLLYT,81731217,KULMAHYLLY
HUONEKALUT,G-HK007,HYLLYT,83630189,VAATEKAAPIN HYLLY
HUONEKALUT,G-HK008,SÄILYTYSKALUSTEET,99134277,LIPASTO
HUONEKALUT,G-HK008,SÄILYTYSKALUSTEET,70821496,KENKÄTELINE
HUONEKALUT,G-HK008,SÄILYTYSKALUSTEET,62837800,VAATETELINE
HUONEKALUT,G-HK008,SÄILYTYSKALUSTEET,43814893,KIRJAHYLLY
HUONEKALUT,G-HK008,SÄILYTYSKALUSTEET,82401734,AVOHYLLY
HUONEKALUT,G-HK009,LASTEN HUONEKALUT,53181232,LASTENSÄNKY
HUONEKALUT,G-HK009,LASTEN HUONEKALUT,18897655,LASTEN PÖYTÄ JA TUOLIT
HUONEKALUT,G-HK009,LASTEN HUONEKALUT,96246799,LEIKKIKEITTIÖ
HUONEKALUT,G-HK009,LASTEN HUONEKALUT,16736447,LASTEN VAATEKAAPPI
HUONEKALUT,G-HK009,LASTEN HUONEKALUT,27841070,LASTEN KIRJOITUSPÖYTÄ
VUODEVAATTEET,H-VV001,TYYNYLIINAT,89423152,PUUVILLATYYNYLIINA
VUODEVAATTEET,H-VV001,TYYNYLIINAT,41827127,SATYYRITYYNYLIINA
VUODEVAATTEET,H-VV001,TYYNYLIINAT,96961717,SILKKITYYNYLIINA
VUODEVAATTEET,H-VV001,TYYNYLIINAT,70867789,PELLAVATYYNYLIINA
VUODEVAATTEET,H-VV001,TYYNYLIINAT,16557052,FLANELLITYYNYLIINA
VUODEVAATTEET,H-VV002,LAKANAT,28823062,PUUVILLALAKANA
VUODEVAATTEET,H-VV002,LAKANAT,14909327,SATYYRILAKANA
VUODEVAATTEET,H-VV002,LAKANAT,30382475,SATIINILAKANA
VUODEVAATTEET,H-VV002,LAKANAT,61654901,PELLAVALAKANA
VUODEVAATTEET,H-VV002,LAKANAT,13588940,SILKKILAKANA
VUODEVAATTEET,H-VV003,PEITOT,46568628,KEINOTEKOINEN PEITTO
VUODEVAATTEET,H-VV003,PEITOT,48667534,UNTUVAPEITTO
VUODEVAATTEET,H-VV003,PEITOT,59695890,VILLAPEITTO
VUODEVAATTEET,H-VV003,PEITOT,94380466,MIKROKUITUPEITTO
VUODEVAATTEET,H-VV003,PEITOT,69320155,SILKKIPEITTO
VUODEVAATTEET,H-VV004,PATJANSUOJAT,76840349,VEDENPITÄVÄ PATJANSUOJA
VUODEVAATTEET,H-VV004,PATJANSUOJAT,77620097,ALLERGIASUOJA
VUODEVAATTEET,H-VV004,PATJANSUOJAT,58319964,PESTÄVÄ PATJANSUOJA
VUODEVAATTEET,H-VV004,PATJANSUOJAT,62625856,SATIJANPATJANSUOJA
VUODEVAATTEET,H-VV004,PATJANSUOJAT,58955458,ILMANKIERRÄTETTÄVÄ PATJANSUOJA
VUODEVAATTEET,H-VV005,PÄIVÄPEITOT,83184009,PUUVILLAPÄIVÄPEITTO
VUODEVAATTEET,H-VV005,PÄIVÄPEITOT,47703907,SAMETTIPÄIVÄPEITTO
VUODEVAATTEET,H-VV005,PÄIVÄPEITOT,20258205,SILKKIKORISTEPEITTO
VUODEVAATTEET,H-VV005,PÄIVÄPEITOT,13882507,REIKÄPÄIVÄPEITTO
VUODEVAATTEET,H-VV005,PÄIVÄPEITOT,24166462,PITSIPÄIVÄPEITTO
VUODEVAATTEET,H-VV006,SÄNKYVERHOT,93522865,HIMMELIVERHO
VUODEVAATTEET,H-VV006,SÄNKYVERHOT,69231690,TELTTAVERHO
VUODEVAATTEET,H-VV006,SÄNKYVERHOT,94945356,PIMENNYSVERHO
VUODEVAATTEET,H-VV006,SÄNKYVERHOT,76913751,RIIPPUVERHO
VUODEVAATTEET,H-VV006,SÄNKYVERHOT,99357160,VALOVERHO
VUODEVAATTEET,H-VV007,SÄNGYNPEITTEET,82822294,TORKKUPEITTO
VUODEVAATTEET,H-VV007,SÄNGYNPEITTEET,68682914,FLEECEPEITTO
VUODEVAATTEET,H-VV007,SÄNGYNPEITTEET,32013580,NEULEPEITTO
VUODEVAATTEET,H-VV007,SÄNGYNPEITTEET,16805817,TÄKKI
VUODEVAATTEET,H-VV007,SÄNGYNPEITTEET,50967403,VIILTÄVÄ PEITE
VUODEVAATTEET,H-VV008,KORISTETYYNYT,73634186,TYYNYNPÄÄLLINEN
VUODEVAATTEET,H-VV008,KORISTETYYNYT,48192536,VETOKETJULLINEN TYYNYNPÄÄLLINEN
VUODEVAATTEET,H-VV008,KORISTETYYNYT,52506694,PITSITYYNYNPÄÄLLINEN
VUODEVAATTEET,H-VV008,KORISTETYYNYT,13461161,BRODEERATTU TYYNYNPÄÄLLINEN
VUODEVAATTEET,H-VV008,KORISTETYYNYT,34976241,SATYYRITYYNYNPÄÄLLINEN
RAKENNUSTARVIKKEET,I-RT001,PUUTAVARAT,74112663,2X4 PUUTAVARA
RAKENNUSTARVIKKEET,I-RT001,PUUTAVARAT,96848157,2X6 PUUTAVARA
RAKENNUSTARVIKKEET,I-RT001,PUUTAVARAT,68096473,4X4 PUUTAVARA
RAKENNUSTARVIKKEET,I-RT001,PUUTAVARAT,36095495,4X6 PUUTAVARA
RAKENNUSTARVIKKEET,I-RT001,PUUTAVARAT,80644789,6X6 PUUTAVARA
RAKENNUSTARVIKKEET,I-RT002,LAASTIT,60531464,BETONILAASTI
RAKENNUSTARVIKKEET,I-RT002,LAASTIT,26049158,KIPSILAASTI
RAKENNUSTARVIKKEET,I-RT002,LAASTIT,81395605,SEMENTTILAASTI
RAKENNUSTARVIKKEET,I-RT002,LAASTIT,12557228,TASOITELAASTI
RAKENNUSTARVIKKEET,I-RT002,LAASTIT,43049801,LAATOITUSLAASTI
RAKENNUSTARVIKKEET,I-RT003,SEMENTTI,94996442,PORTLAND-SEMENTTI
RAKENNUSTARVIKKEET,I-RT003,SEMENTTI,25611929,LUJITEMUOVISEMENTTI
RAKENNUSTARVIKKEET,I-RT003,SEMENTTI,39112036,PIKASEMENTTI
RAKENNUSTARVIKKEET,I-RT003,SEMENTTI,80150611,ERIKOISSEMENTTI
RAKENNUSTARVIKKEET,I-RT003,SEMENTTI,56624860,VÄRISEMENTTI
RAKENNUSTARVIKKEET,I-RT004,TERÄSOSAT,98905802,TERÄSANKKURIT
RAKENNUSTARVIKKEET,I-RT004,TERÄSOSAT,80941667,TERÄSLANGAT
RAKENNUSTARVIKKEET,I-RT004,TERÄSOSAT,53999157,TERÄSKULMAT
RAKENNUSTARVIKKEET,I-RT004,TERÄSOSAT,48684288,TERÄSKISKOT
RAKENNUSTARVIKKEET,I-RT004,TERÄSOSAT,77961911,TERÄSLEVYT
RAKENNUSTARVIKKEET,I-RT005,ERISTEET,60616641,LÄMMÖNERISTE
RAKENNUSTARVIKKEET,I-RT005,ERISTEET,74459125,ÄÄNIERISTE
RAKENNUSTARVIKKEET,I-RT005,ERISTEET,93058083,ILMANSULKUPAPERI
RAKENNUSTARVIKKEET,I-RT005,ERISTEET,73148029,KOSTEUSERISTE
RAKENNUSTARVIKKEET,I-RT005,ERISTEET,24456574,VAAHTOMUOVI
TYÖKALUT,I-TY001,KÄSITYÖKALUT,68590707,VASARA
TYÖKALUT,I-TY001,KÄSITYÖKALUT,23367914,RUUVIMEISSELI
TYÖKALUT,I-TY001,KÄSITYÖKALUT,45413313,PIHDIT
TYÖKALUT,I-TY001,KÄSITYÖKALUT,41952201,TALTTA
TYÖKALUT,I-TY001,KÄSITYÖKALUT,53798178,MITTANAUHA
TYÖKALUT,I-TY002,SÄHKÖTYÖKALUT,17123824,PORAKONE
TYÖKALUT,I-TY002,SÄHKÖTYÖKALUT,67532412,KULMAHIOMAKONE
TYÖKALUT,I-TY002,SÄHKÖTYÖKALUT,41094410,JIIRISAHA
TYÖKALUT,I-TY002,SÄHKÖTYÖKALUT,53796195,PÖYTÄSAHA
TYÖKALUT,I-TY002,SÄHKÖTYÖKALUT,74071024,HIOMAKONE
TYÖKALUT,I-TY003,PUUTYÖKALUT,56715393,PUUPLANER
TYÖKALUT,I-TY003,PUUTYÖKALUT,44365914,JIIRISAHA
TYÖKALUT,I-TY003,PUUTYÖKALUT,43296345,HÖYLÄ
TYÖKALUT,I-TY003,PUUTYÖKALUT,35347308,SAHAPUKKI
TYÖKALUT,I-TY003,PUUTYÖKALUT,44441284,HYLSYAVAIN
TYÖKALUT,I-TY004,PIHATYÖKALUT,92002738,LAPIO
TYÖKALUT,I-TY004,PIHATYÖKALUT,36956245,HARAVA
TYÖKALUT,I-TY004,PIHATYÖKALUT,65738317,KOTTIKÄRRYT
TYÖKALUT,I-TY004,PIHATYÖKALUT,57741194,LEHTIPUHALLIN
TYÖKALUT,I-TY004,PIHATYÖKALUT,20512763,RUOHONLEIKKURI
LÄÄKKEET,J-LA001,KIPULÄÄKKEET,78676732,PARASETAMOLI
LÄÄKKEET,J-LA001,KIPULÄÄKKEET,66138717,IBUPROFEENI
LÄÄKKEET,J-LA001,KIPULÄÄKKEET,33063095,ASPIRIINI
LÄÄKKEET,J-LA001,KIPULÄÄKKEET,75691248,NAPROKSEENI
LÄÄKKEET,J-LA001,KIPULÄÄKKEET,29876619,TRAMADOLI
LÄÄKKEET,J-LA002,ANTIBIOOTIT,76489178,AMOKSISILLIINI
LÄÄKKEET,J-LA002,ANTIBIOOTIT,82814052,ERYTROMYSIINI
LÄÄKKEET,J-LA002,ANTIBIOOTIT,45752672,METRONIDATSOLI
LÄÄKKEET,J-LA002,ANTIBIOOTIT,23056593,DOKSISYKLIINI
LÄÄKKEET,J-LA002,ANTIBIOOTIT,20717447,KLINDAMYSIINI
LÄÄKKEET,J-LA003,ALLERGIALÄÄKKEET,26531023,LORATADIINI
LÄÄKKEET,J-LA003,ALLERGIALÄÄKKEET,73737180,SETIRITSIINI
LÄÄKKEET,J-LA003,ALLERGIALÄÄKKEET,38348760,DESLORATADIINI
LÄÄKKEET,J-LA003,ALLERGIALÄÄKKEET,52330675,KROMOGLIKAANI
LÄÄKKEET,J-LA003,ALLERGIALÄÄKKEET,47913420,FEXOFENADIINI
LÄÄKKEET,J-LA004,VERENPAINELÄÄKKEET,40781377,LOSARTAANI
LÄÄKKEET,J-LA004,VERENPAINELÄÄKKEET,89957037,AMLODIPIINI
LÄÄKKEET,J-LA004,VERENPAINELÄÄKKEET,57434179,ENALAPRIILI
LÄÄKKEET,J-LA004,VERENPAINELÄÄKKEET,75663733,METOPROLOLI
LÄÄKKEET,J-LA004,VERENPAINELÄÄKKEET,84414916,HYDROKLOORITIATSIDI
LÄÄKKEET,J-LA005,VITAMIINIT JA RAVINTOLISÄT,83994668,C-VITAMIINI
LÄÄKKEET,J-LA005,VITAMIINIT JA RAVINTOLISÄT,25369920,D-VITAMIINI
LÄÄKKEET,J-LA005,VITAMIINIT JA RAVINTOLISÄT,22823447,KALSIUMLISÄ
LÄÄKKEET,J-LA005,VITAMIINIT JA RAVINTOLISÄT,68628204,MAGNESIUM
LÄÄKKEET,J-LA005,VITAMIINIT JA RAVINTOLISÄT,71731104,B12-VITAMIINI
LÄÄKKEET,J-LA006,RUUANSULATUSLÄÄKKEET,50759321,OMEPRATSOLI
LÄÄKKEET,J-LA006,RUUANSULATUSLÄÄKKEET,27856256,RANITIDIINI
LÄÄKKEET,J-LA006,RUUANSULATUSLÄÄKKEET,70569400,SIMETIKONI
LÄÄKKEET,J-LA006,RUUANSULATUSLÄÄKKEET,17859177,LAKSATIIVIT
LÄÄKKEET,J-LA006,RUUANSULATUSLÄÄKKEET,84335703,PROBIOTIIKIT
SAIRAALATARVIKKEET,K-SA001,KÄSINEET,86947479,LATEKSIKÄSINEET
SAIRAALATARVIKKEET,K-SA001,KÄSINEET,66391956,NITRILEKÄSINEET
SAIRAALATARVIKKEET,K-SA001,KÄSINEET,33669742,VINYYLIKÄSINEET
SAIRAALATARVIKKEET,K-SA001,KÄSINEET,83769122,STERIILIT KÄSINEET
SAIRAALATARVIKKEET,K-SA001,KÄSINEET,14783398,PUUVILLAKÄSINEET
SAIRAALATARVIKKEET,K-SA002,SUOJAPUVUT,81570979,KIRURGISET SUOJAPUVUT
SAIRAALATARVIKKEET,K-SA002,SUOJAPUVUT,75526241,KERTAKÄYTTÖISET HAALARIT
SAIRAALATARVIKKEET,K-SA002,SUOJAPUVUT,16196483,SUOJALASIT
SAIRAALATARVIKKEET,K-SA002,SUOJAPUVUT,91713933,HENGITYSSUOJAIMET
SAIRAALATARVIKKEET,K-SA002,SUOJAPUVUT,89391341,STERIILIT LIINAVAATTEET
SAIRAALATARVIKKEET,K-SA003,SIDOKSET JA SITEET,89969124,HAAVATEIPIT
SAIRAALATARVIKKEET,K-SA003,SIDOKSET JA SITEET,69903943,SIDEHARSO
SAIRAALATARVIKKEET,K-SA003,SIDOKSET JA SITEET,98409565,KIPSILEVYT
SAIRAALATARVIKKEET,K-SA003,SIDOKSET JA SITEET,75269180,KOMPRESSIOTUOTTEET
SAIRAALATARVIKKEET,K-SA003,SIDOKSET JA SITEET,54676547,KOLMIOLIINA
SAIRAALATARVIKKEET,K-SA004,HOITOVÄLINEET,84127219,INFUUSIOPUMPUT
SAIRAALATARVIKKEET,K-SA004,HOITOVÄLINEET,11987460,KANYYLIT
SAIRAALATARVIKKEET,K-SA004,HOITOVÄLINEET,68380814,KATETRIT
SAIRAALATARVIKKEET,K-SA004,HOITOVÄLINEET,69220170,VERENPAINEMITTARIT
SAIRAALATARVIKKEET,K-SA004,HOITOVÄLINEET,42226454,STETOSKOOPIT
SAIRAALATARVIKKEET,K-SA005,HOITOVÄLINEET,87731025,HAPPIRIKASTIN
SAIRAALATARVIKKEET,K-SA005,HOITOVÄLINEET,12305239,VERENSOKERIMITTARI
SAIRAALATARVIKKEET,K-SA005,HOITOVÄLINEET,19542921,LÄMPÖMITTARI
SAIRAALATARVIKKEET,K-SA005,HOITOVÄLINEET,44112471,INFUUSIOPUSSIT
SAIRAALATARVIKKEET,K-SA005,HOITOVÄLINEET,81874766,ROLLAATTORIT
SAIRAALATARVIKKEET,K-SA006,ENSIAPUVÄLINEET,32345190,SIDETARVIKKEET
SAIRAALATARVIKKEET,K-SA006,ENSIAPUVÄLINEET,78784139,DEFIBRILLAATTORIT
SAIRAALATARVIKKEET,K-SA006,ENSIAPUVÄLINEET,38172105,ENSIAPULAUKUT
SAIRAALATARVIKKEET,K-SA006,ENSIAPUVÄLINEET,13101734,ELVYTYSMASKIT
SAIRAALATARVIKKEET,K-SA006,ENSIAPUVÄLINEET,37590019,KYLMÄGEELIPAKKAUKSET
SAIRAALATARVIKKEET,K-SA007,INVALIDITUOTTEET,56524816,INVATAKSIT
SAIRAALATARVIKKEET,K-SA007,INVALIDITUOTTEET,98176185,ROLLAATTORIT
SAIRAALATARVIKKEET,K-SA007,INVALIDITUOTTEET,57576739,WC-TUOLIT
SAIRAALATARVIKKEET,K-SA007,INVALIDITUOTTEET,89294943,SÄHKÖPYÖRÄTUOLIT
SAIRAALATARVIKKEET,K-SA007,INVALIDITUOTTEET,25144662,KÄVELYKEPIT
SAIRAALATARVIKKEET,K-SA008,LABORATORIOTARVIKKEET,18454796,NÄYTTEENOTTOVÄLINEET
SAIRAALATARVIKKEET,K-SA008,LABORATORIOTARVIKKEET,33356837,KOEPUTKET JA NÄYTELIUSKAT
SAIRAALATARVIKKEET,K-SA008,LABORATORIOTARVIKKEET,46562404,PIPETIT JA PIPETTITELINEET
SAIRAALATARVIKKEET,K-SA008,LABORATORIOTARVIKKEET,39982431,AUTOKLAAVIT
SAIRAALATARVIKKEET,K-SA008,LABORATORIOTARVIKKEET,41152213,MIKROSKOOPIT
VAATTEET,L-VA001,NAISTEN VAATTEET,31603749,"KESÄLENINKI ""SUNNY"""
VAATTEET,L-VA001,NAISTEN VAATTEET,21837586,"SKINNY-FARKUT ""ELEGANCE"""
VAATTEET,L-VA001,NAISTEN VAATTEET,94404355,"OVERSIZE-PUSERO ""CHIC"""
VAATTEET,L-VA001,NAISTEN VAATTEET,37708887,"NAHKATAKKI ""URBAN"""
VAATTEET,L-VA001,NAISTEN VAATTEET,61399989,"KYNÄHAME ""CLASSIC"""
VAATTEET,L-VA002,MIESTEN VAATTEET,67074481,"PIQUE-PAITA ""CASUAL"""
VAATTEET,L-VA002,MIESTEN VAATTEET,96251047,"FARKUT ""DENIM DELUXE"""
VAATTEET,L-VA002,MIESTEN VAATTEET,48501714,"NAHKATAKKI ""RIDER"""
VAATTEET,L-VA002,MIESTEN VAATTEET,25827385,"CHINOT ""EVERYDAY"""
VAATTEET,L-VA002,MIESTEN VAATTEET,29267213,"KAULUSPAITA ""ELEGANT"""
VAATTEET,L-VA003,LASTENVAATTEET,74117412,"BODY-PUKU ""BABY SOFT"""
VAATTEET,L-VA003,LASTENVAATTEET,47145954,"POTKUPUKU ""COZY"""
VAATTEET,L-VA003,LASTENVAATTEET,11078815,"HAALARI ""PLAYTIME"""
VAATTEET,L-VA003,LASTENVAATTEET,88172348,"VILLAPAITA ""CUDDLES"""
VAATTEET,L-VA003,LASTENVAATTEET,10694620,"KESÄMEKKO ""SUNSHINE"""
VAATTEET,L-VA004,URHEILUVAATTEET,49895426,"JUOKSUTRIKOOT ""SPRINT"""
VAATTEET,L-VA004,URHEILUVAATTEET,41041554,"JALKAPALLO PELIPAITA ""PRO"""
VAATTEET,L-VA004,URHEILUVAATTEET,80364143,"TENNISSHORTSIT ""POWER"""
VAATTEET,L-VA004,URHEILUVAATTEET,72584993,"HIIHTOTAKKI ""SNOWXTREME"""
VAATTEET,L-VA004,URHEILUVAATTEET,33144155,"PYÖRÄILYTRIKOOT ""RIDEMAX"""
VAATTEET,L-VA005,ALUSVAATTEET,14678672,"RINTALIIVIT ""COMFORTFIT"""
VAATTEET,L-VA005,ALUSVAATTEET,45878157,"ALUSHOUSUT ""SILKTOUCH"""
VAATTEET,L-VA005,ALUSVAATTEET,83176526,"SUKKAHOUSUT ""SHEERBLISS"""
VAATTEET,L-VA005,ALUSVAATTEET,33030692,"BOKSERIT ""COTTONCOOL"""
VAATTEET,L-VA005,ALUSVAATTEET,83621670,"YÖPAITA ""DREAMY NIGHTS"""
VAATTEET,L-VA006,ULKOVAATTEET,36177007,"SADETAKKI ""RAINMASTER"""
VAATTEET,L-VA006,ULKOVAATTEET,66768519,"TALVITAKKI ""ARCTIC"""
VAATTEET,L-VA006,ULKOVAATTEET,15156615,"FLEECETAKKI ""COZYWARM"""
VAATTEET,L-VA006,ULKOVAATTEET,21030002,"TUULITAKKI ""WINDBLOCK"""
VAATTEET,L-VA006,ULKOVAATTEET,43395222,"PARKATAKKI ""EXPLORER"""
VAATTEET,L-VA007,JUHLAVAATTEET,96479954,"COCKTAILMEKKO ""ELEGANCE"""
VAATTEET,L-VA007,JUHLAVAATTEET,88521954,"SMOKKI ""GENTLEMAN"""
VAATTEET,L-VA007,JUHLAVAATTEET,48152267,"ILTAPUKU ""STARLIGHT"""
VAATTEET,L-VA007,JUHLAVAATTEET,40288516,"JUHLAMEKKO ""GLAMOUR"""
VAATTEET,L-VA007,JUHLAVAATTEET,42550847,"FRAKKI ""ROYAL"""
VAATTEET,L-VA008,UIMA-ASUT,16221752,"BIKINIT ""BEACHBABE"""
VAATTEET,L-VA008,UIMA-ASUT,52860681,"UIMAHOUSUT ""AQUAFIT"""
VAATTEET,L-VA008,UIMA-ASUT,96350176,"UIMAPUKU ""SEASTAR"""
VAATTEET,L-VA008,UIMA-ASUT,47021691,"SURFSHORTSIT ""WAVERIDER"""
VAATTEET,L-VA008,UIMA-ASUT,21568270,"LASTEN UIMAVAIPPA ""SPLASHY"""
VAATTEET,L-VA009,ASUSTEET,63610690,"HUIVI ""SILKBLISS"""
VAATTEET,L-VA009,ASUSTEET,61305177,"HATUT ""SUNSHINE"""
VAATTEET,L-VA009,ASUSTEET,42303320,"KÄSINEET ""COZYTOUCH"""
VAATTEET,L-VA009,ASUSTEET,80815850,"VYÖ ""CLASSICSTYLE"""
VAATTEET,L-VA009,ASUSTEET,90330021,"SUKAT ""WARMFEET"""
KENGÄT,M-KE001,TENNARIT,98842363,ADIDAS SUPERSTAR
KENGÄT,M-KE001,TENNARIT,46816472,VANS OLD SKOOL
KENGÄT,M-KE001,TENNARIT,27013712,CONVERSE CHUCK TAYLOR
KENGÄT,M-KE001,TENNARIT,16391741,PUMA CALI
KENGÄT,M-KE001,TENNARIT,56870471,REEBOK CLASSIC LEATHER
KENGÄT,M-KE002,NILKKURIT,12825729,TIMBERLAND COURMAYEUR VALLEY
KENGÄT,M-KE002,NILKKURIT,29194050,CLARKS DESERT BOOT
KENGÄT,M-KE002,NILKKURIT,71675049,DR. MARTENS 1461
KENGÄT,M-KE002,NILKKURIT,28504808,VAGABOND DIOON
KENGÄT,M-KE002,NILKKURIT,47325760,ECCO SOFT 7
KENGÄT,M-KE003,LOAFERIT,30895969,TOD'S GOMMINO
KENGÄT,M-KE003,LOAFERIT,18242663,GUCCI BRIXTON
KENGÄT,M-KE003,LOAFERIT,31196186,SALVATORE FERRAGAMO
KENGÄT,M-KE003,LOAFERIT,90915638,PRADA PENNY LOAFER
KENGÄT,M-KE003,LOAFERIT,74534564,BASS WEEJUNS
KENGÄT,M-KE004,SAAPPAAT,68245204,HUNTER ORIGINAL
KENGÄT,M-KE004,SAAPPAAT,60617955,UGG CLASSIC TALL
KENGÄT,M-KE004,SAAPPAAT,85889110,SOREL CARIBOU
KENGÄT,M-KE004,SAAPPAAT,39060927,TIMBERLAND EARTHKEEPERS
KENGÄT,M-KE004,SAAPPAAT,86712906,DR. MARTENS 1460
KENGÄT,M-KE005,KORKOKENGÄT,35985674,JIMMY CHOO ROMY
KENGÄT,M-KE005,KORKOKENGÄT,43934084,CHRISTIAN LOUBOUTIN SO KATE
KENGÄT,M-KE005,KORKOKENGÄT,59536331,GUCCI MARMONT
KENGÄT,M-KE005,KORKOKENGÄT,53558591,MANOLO BLAHNIK HANGISI
KENGÄT,M-KE005,KORKOKENGÄT,37352934,STUART WEITZMAN NUDISTSONG
KENGÄT,M-KE006,SANDAALIT,68987361,BIRKENSTOCK GIZEH
KENGÄT,M-KE006,SANDAALIT,48998660,TEVA ORIGINAL UNIVERSAL
KENGÄT,M-KE006,SANDAALIT,40176640,CROCS CLASSIC CLOG
KAMPAAMOTUOTTEET,N-KA1,HIUSHARJAT,48024917,TANGLE TEEZER HARJA
KAMPAAMOTUOTTEET,N-KA1,HIUSHARJAT,65295272,MASON PEARSON HARJA
KAMPAAMOTUOTTEET,N-KA1,HIUSHARJAT,89714905,DENMAN D3 HARJA
KAMPAAMOTUOTTEET,N-KA1,HIUSHARJAT,14270537,WET BRUSH ORIGINAL HARJA
KAMPAAMOTUOTTEET,N-KA1,HIUSHARJAT,20804697,OLIVIA GARDEN HARJA
KAMPAAMOTUOTTEET,N-KA2,SHAMPOOT,36174810,PANTENE PRO-V SHAMPOO
KAMPAAMOTUOTTEET,N-KA2,SHAMPOOT,39727522,HEAD & SHOULDERS SHAMPOO
KAMPAAMOTUOTTEET,N-KA2,SHAMPOOT,38455499,DOVE INTENSIVE REPAIR SHAMPOO
KAMPAAMOTUOTTEET,N-KA2,SHAMPOOT,99795440,HERBAL ESSENCES BIO RENEW SHAMPOO
KAMPAAMOTUOTTEET,N-KA2,SHAMPOOT,89192452,L'OREAL ELVIVE COLOR VIVE SHAMPOO
KAMPAAMOTUOTTEET,N-KA3,HOITOAINEET,73421870,L'OREAL PARIS HOITOAINE
KAMPAAMOTUOTTEET,N-KA3,HOITOAINEET,76869404,GARNIER FRUCTIS SLEEK & SHINE HOITOAINE
KAMPAAMOTUOTTEET,N-KA3,HOITOAINEET,78219683,TRESEMMÉ MOISTURE RICH HOITOAINE
KAMPAAMOTUOTTEET,N-KA3,HOITOAINEET,49934888,PANTENE PRO-V HOITOAINE
KAMPAAMOTUOTTEET,N-KA3,HOITOAINEET,74045408,OGX RENEWING + ARGAN OIL OF MOROCCO HOITOAINE
KAMPAAMOTUOTTEET,N-KA4,HIUSVÄRIT,24765029,SCHWARZKOPF HIUSVÄRI
KAMPAAMOTUOTTEET,N-KA4,HIUSVÄRIT,46652683,L'OREAL PARIS EXCELLENCE CRÈME HIUSVÄRI
KAMPAAMOTUOTTEET,N-KA4,HIUSVÄRIT,22837939,CLAIROL NICE 'N EASY HIUSVÄRI
KAMPAAMOTUOTTEET,N-KA4,HIUSVÄRIT,37355405,WELLA KOLESTON PERFECT HIUSVÄRI
KAMPAAMOTUOTTEET,N-KA4,HIUSVÄRIT,44374534,GARNIER NUTRISSE HIUSVÄRI
KAMPAAMOTUOTTEET,N-KA5,HIUSTENKUIVAAJAT,20900569,PHILIPS HIUSTENKUIVAAJA
KAMPAAMOTUOTTEET,N-KA5,HIUSTENKUIVAAJAT,60722767,DYSON SUPERSONIC HIUSTENKUIVAAJA
KAMPAAMOTUOTTEET,N-KA5,HIUSTENKUIVAAJAT,38746036,REMINGTON PRO PEARL HIUSTENKUIVAAJA
KAMPAAMOTUOTTEET,N-KA5,HIUSTENKUIVAAJAT,37159380,BABYLISS PRO HIUSTENKUIVAAJA
KAMPAAMOTUOTTEET,N-KA5,HIUSTENKUIVAAJAT,87652158,PANASONIC NANOE HIUSTENKUIVAAJA
KAMPAAMOTUOTTEET,N-KA6,KIHARTIMET,60550146,REMINGTON KIHARRIN
KAMPAAMOTUOTTEET,N-KA6,KIHARTIMET,30765189,BABYLISS CURL SECRET KIHARRIN
KAMPAAMOTUOTTEET,N-KA6,KIHARTIMET,72206046,GHD CURVE CREATIVE CURL WAND KIHARRIN
KAMPAAMOTUOTTEET,N-KA6,KIHARTIMET,61066863,CONAIR INFINITI PRO KIHARRIN
KAMPAAMOTUOTTEET,N-KA6,KIHARTIMET,26743254,HOT TOOLS PROFESSIONAL 24K GOLD KIHARRIN
KAMPAAMOTUOTTEET,N-KA7,SUORISTUSRAUDAT,21280905,GHD SUORISTUSRAUTA
KAMPAAMOTUOTTEET,N-KA7,SUORISTUSRAUDAT,96950522,BABYLISS PRO NANO TITANIUM SUORISTUSRAUTA
KAMPAAMOTUOTTEET,N-KA7,SUORISTUSRAUDAT,85534448,REMINGTON PRO PEARL SUORISTUSRAUTA
KAMPAAMOTUOTTEET,N-KA7,SUORISTUSRAUDAT,60777673,"CHI ORIGINAL 1"" SUORISTUSRAUTA"
KAMPAAMOTUOTTEET,N-KA7,SUORISTUSRAUDAT,97658793,CONAIR INFINITI PRO SUORISTUSRAUTA
KAMPAAMOTUOTTEET,N-KA8,HIUSKLIPSIT JA PINNIT,15593098,SCÜNCI HIUSKLIPSI SET
KAMPAAMOTUOTTEET,N-KA8,HIUSKLIPSIT JA PINNIT,61552630,GOODY CLASSICS HIUSKLIPSIT
KAMPAAMOTUOTTEET,N-KA8,HIUSKLIPSIT JA PINNIT,42833940,METAGRIP BOBBY PINS HIUSPINNIT
KAMPAAMOTUOTTEET,N-KA8,HIUSKLIPSIT JA PINNIT,51486570,CONAIR SECURE HOLD HIUSKLIPSIT
KAMPAAMOTUOTTEET,N-KA8,HIUSKLIPSIT JA PINNIT,91574910,SCÜNCI NO-SLIP HIUSPINNIT
KAMPAAMOTUOTTEET,N-KA9,HIUSPINNIT,38421386,INVISIBOBBLE HIUSPINNIT
KAMPAAMOTUOTTEET,N-KA9,HIUSPINNIT,39178095,GOODY OUCHLESS HIUSPINNIT
KAMPAAMOTUOTTEET,N-KA9,HIUSPINNIT,29469068,KITSCH PRO HIUSPINNIT
KAMPAAMOTUOTTEET,N-KA9,HIUSPINNIT,22924047,CONAIR SPIRAL BOBBY PINS HIUSPINNIT
KAMPAAMOTUOTTEET,N-KA9,HIUSPINNIT,67354008,METAGRIP PREMIUM MINI HIUSPINNIT
KAMPAAMOTUOTTEET,N-KA10,HIUSPOHJAN HOIDOT,22248975,HEAD & SHOULDERS HIUSPOHJAN HOITO SHAMPOO
KAMPAAMOTUOTTEET,N-KA10,HIUSPOHJAN HOIDOT,13827586,NEUTROGENA T/GEL HIUSPOHJAN HOITO SHAMPOO
KAMPAAMOTUOTTEET,N-KA10,HIUSPOHJAN HOIDOT,98975678,NIZORAL ANTI-DANDRUFF HIUSPOHJAN HOITO SHAMPOO
KAMPAAMOTUOTTEET,N-KA10,HIUSPOHJAN HOIDOT,95180576,PAUL MITCHELL TEA TREE HIUSPOHJAN HOITO SHAMPOO
KAMPAAMOTUOTTEET,N-KA10,HIUSPOHJAN HOIDOT,38387538,SELSUN BLUE MEDICATED HIUSPOHJAN HOITO SHAMPOO
KOSMETOLOGIN TUOTTEET,O-KT1,KASVOVOITEET,92568509,NEUTROGENA HYDRO BOOST KOSTEUSVOIDE
KOSMETOLOGIN TUOTTEET,O-KT1,KASVOVOITEET,64161626,L'OREAL PARIS REVITALIFT PÄIVÄVOIDE
KOSMETOLOGIN TUOTTEET,O-KT1,KASVOVOITEET,59438467,CLINIQUE MOISTURE SURGE KOSTEUSVOIDE
KOSMETOLOGIN TUOTTEET,O-KT1,KASVOVOITEET,72258222,CERAVE FACIAL MOISTURIZING LOTION KOSTEUSVOIDE
KOSMETOLOGIN TUOTTEET,O-KT1,KASVOVOITEET,92995876,OLAY REGENERIST MICRO-SCULPTING CREAM KOSTEUSVOIDE
KOSMETOLOGIN TUOTTEET,O-KT2,SILMÄNYMPÄRYSVOITEET,33702843,ESTÉE LAUDER ADVANCED NIGHT REPAIR SILMÄNYMPÄRYSVOIDE
KOSMETOLOGIN TUOTTEET,O-KT2,SILMÄNYMPÄRYSVOITEET,94602027,KIEHL'S CREAMY EYE TREATMENT WITH AVOCADO SILMÄNYMPÄRYSVOIDE
KOSMETOLOGIN TUOTTEET,O-KT2,SILMÄNYMPÄRYSVOITEET,27060547,LANCÔME GÉNIFIQUE YEUX YOUTH ACTIVATING EYE CREAM SILMÄNYMPÄRYSVOIDE
KOSMETOLOGIN TUOTTEET,O-KT2,SILMÄNYMPÄRYSVOITEET,15912472,BURT'S BEES SENSITIVE EYE CREAM SILMÄNYMPÄRYSVOIDE
KOSMETOLOGIN TUOTTEET,O-KT2,SILMÄNYMPÄRYSVOITEET,54830248,LA ROCHE-POSAY HYDRAPHASE INTENSE EYES SILMÄNYMPÄRYSVOIDE
KOSMETOLOGIN TUOTTEET,O-KT3,MEIKKIVOITEET,72082340,MAC STUDIO FIX FLUID MEIKKIVOIDE
KOSMETOLOGIN TUOTTEET,O-KT3,MEIKKIVOITEET,46268460,MAYBELLINE FIT ME! MATTE + PORELESS MEIKKIVOIDE
KOSMETOLOGIN TUOTTEET,O-KT3,MEIKKIVOITEET,77053449,FENTY BEAUTY PRO FILT'R SOFT MATTE LONGWEAR MEIKKIVOIDE
KOSMETOLOGIN TUOTTEET,O-KT3,MEIKKIVOITEET,52431878,NARS RADIANT LONGWEAR FOUNDATION MEIKKIVOIDE
KOSMETOLOGIN TUOTTEET,O-KT3,MEIKKIVOITEET,82122301,REVLON COLORSTAY MEIKKIVOIDE
KOSMETOLOGIN TUOTTEET,O-KT4,HUULIPUNAT,96444960,MAC RUBY WOO HUULIPUNA
KOSMETOLOGIN TUOTTEET,O-KT4,HUULIPUNAT,99265326,NYX PROFESSIONAL MAKEUP SOFT MATTE LIP CREAM HUULIPUNA
KOSMETOLOGIN TUOTTEET,O-KT4,HUULIPUNAT,93800133,MAYBELLINE SUPERSTAY MATTE INK HUULIPUNA
KOSMETOLOGIN TUOTTEET,O-KT4,HUULIPUNAT,52569570,YVES SAINT LAURENT ROUGE VOLUPTÉ SHINE HUULIPUNA
KOSMETOLOGIN TUOTTEET,O-KT4,HUULIPUNAT,53530203,REVLON SUPER LUSTROUS HUULIPUNA
KOSMETOLOGIN TUOTTEET,O-KT5,PUHDISTUSAINEET,68654189,CETAPHIL GENTLE SKIN CLEANSER PUHDISTUSAINE
KOSMETOLOGIN TUOTTEET,O-KT5,PUHDISTUSAINEET,78429667,BIODERMA SENSIBIO H2O MICELLAR WATER PUHDISTUSAINE
KOSMETOLOGIN TUOTTEET,O-KT5,PUHDISTUSAINEET,56562205,NEUTROGENA OIL-FREE ACNE WASH PUHDISTUSGEELI
KOSMETOLOGIN TUOTTEET,O-KT5,PUHDISTUSAINEET,62395823,LA ROCHE-POSAY EFFACLAR PURIFYING FOAMING GEL PUHDISTUSGEELI
KOSMETOLOGIN TUOTTEET,O-KT5,PUHDISTUSAINEET,17038864,CERAVE HYDRATING CLEANSER PUHDISTUSGEELI
KOSMETOLOGIN TUOTTEET,O-KT6,HIUSVÄRIT,42062287,SCHWARZKOPF IGORA ROYAL HIUSVÄRI
KOSMETOLOGIN TUOTTEET,O-KT6,HIUSVÄRIT,34372622,GARNIER NUTRISSE CREAM HIUSVÄRI
KOSMETOLOGIN TUOTTEET,O-KT6,HIUSVÄRIT,28890771,L'OREAL PARIS FÉRIA HIUSVÄRI
KOSMETOLOGIN TUOTTEET,O-KT6,HIUSVÄRIT,25956532,CLAIROL NATURAL INSTINCTS HIUSVÄRI
KOSMETOLOGIN TUOTTEET,O-KT6,HIUSVÄRIT,58941223,WELLA PROFESSIONALS COLOR CHARM HIUSVÄRI
KOSMETOLOGIN TUOTTEET,O-KT7,KULMAKYNÄT,65348011,ANASTASIA BEVERLY HILLS BROW WIZ KULMAKYNÄ
KOSMETOLOGIN TUOTTEET,O-KT7,KULMAKYNÄT,35675174,BENEFIT COSMETICS PRECISELY
KOSMETOLOGIN TUOTTEET,O-KT7,KULMAKYNÄT,82639474,NYX PROFESSIONAL MAKEUP MICRO BROW PENCIL KULMAKYNÄ
KOSMETOLOGIN TUOTTEET,O-KT7,KULMAKYNÄT,84129070,MAYBELLINE TOTAL TEMPTATION EYEBROW DEFINER KULMAKYNÄ
KOSMETOLOGIN TUOTTEET,O-KT7,KULMAKYNÄT,27240017,REVLON
